Tahun,Provinsi,APM_SD,APM_SMP,APM_SMA,IPM_Laki_Laki,IPM_Perempuan,PPK,PSN (Stunting),RLS
2003,Aceh,95.36,78.74,61.63,79.85,74.35,5633.0,51.1,7.47
2003,Bali,91.58,68.63,53.36,81.96,78.53,11366.47,41.4,6.75
2003,Banten,93.77,62.28,36.41,80.81,75.62,9327.6,9.2,7.13
2003,Bengkulu,91.99,60.44,42.54,79.34,73.14,6266.33,30.3,7.14
2003,Daerah Istimewa Yogyakarta,91.98,79.06,59.77,85.08,81.32,10286.47,29.7,7.67
2003,Daerah Khusus Jakarta,91.61,77.58,63.26,86.84,84.17,13701.07,0.0,9.69
2003,Gorontalo,87.33,47.86,24.58,74.93,66.81,5666.33,42.0,5.98
2003,Jambi,93.78,61.3,40.68,79.14,71.58,7052.4,24.9,6.64
2003,Jawa Barat,92.45,61.02,34.65,79.33,72.4,7140.2,25.3,6.42
2003,Jawa Tengah,93.7,66.61,38.29,78.32,73.41,7032.8,32.3,5.78
2003,Jawa Timur,93.48,64.47,40.83,79.83,74.47,7593.13,36.9,5.89
2003,Kalimantan Barat,88.89,50.88,29.11,76.3,67.87,5394.87,86.3,5.58
2003,Kalimantan Selatan,92.46,56.33,30.53,79.89,72.68,8442.73,37.3,6.55
2003,Kalimantan Tengah,94.75,58.64,37.23,78.7,71.18,7249.47,84.1,6.85
2003,Kalimantan Timur,91.33,67.98,49.83,83.74,73.7,7718.4,32.6,7.75
2003,Kalimantan Utara,90.37,61.04,46.16,77.77,69.51,5984.13,100.0,6.87
2003,Kepulauan Bangka Belitung,91.69,50.61,33.8,78.57,71.88,9312.07,7.8,6.39
2003,Kepulauan Riau,91.52,63.1,49.57,83.44,79.49,10310.47,41.6,8.85
2003,Lampung,92.06,63.24,35.81,77.52,71.24,6225.0,15.5,6.57
2003,Maluku,91.03,62.59,43.53,77.35,72.63,6338.4,17.6,7.56
2003,Maluku Utara,94.06,62.15,38.7,77.11,70.26,5085.53,23.2,7.06
2003,Nusa Tenggara Barat,92.48,57.19,33.45,77.9,71.6,6931.33,48.6,5.02
2003,Nusa Tenggara Timur,88.27,39.1,23.57,73.52,69.0,5202.33,71.2,5.73
2003,Papua,83.86,47.81,30.11,78.64,71.31,1731.6,0.0,5.78
2003,Papua Barat,87.32,51.79,30.66,75.44,62.52,5201.0,19.3,5.97
2003,Papua Barat Daya,87.53,54.68,31.74,77.1,65.2,4069.07,72.4,5.79
2003,Papua Pegunungan,68.17,35.71,12.9,59.65,52.39,677.67,38.8,1.61
2003,Papua Selatan,80.96,37.27,18.51,74.8,62.95,4867.8,0.0,5.78
2003,Papua Tengah,65.87,33.88,8.62,65.45,53.79,2920.8,37.5,3.52
2003,Riau,94.13,67.19,47.25,80.06,72.41,8720.73,34.8,7.52
2003,Sulawesi Barat,89.31,55.04,33.92,74.93,68.26,6171.07,12.6,5.49
2003,Sulawesi Selatan,89.21,54.04,37.18,79.45,74.92,7292.2,33.2,6.3
2003,Sulawesi Tengah,90.85,54.68,33.25,76.17,70.95,7027.47,25.9,6.62
2003,Sulawesi Tenggara,91.19,63.39,36.59,78.18,71.84,6350.13,63.7,6.43
2003,Sulawesi Utara,89.18,68.33,44.42,79.15,76.13,7668.27,21.2,7.87
2003,Sumatera Barat,92.59,66.0,49.88,79.95,76.89,7840.87,70.6,7.44
2003,Sumatera Selatan,92.36,59.41,35.73,77.99,73.38,7146.67,7.4,6.68
2003,Sumatera Utara,94.62,72.95,53.03,80.14,73.9,7455.33,20.7,7.82
2004,Aceh,95.88,79.98,62.04,79.85,74.35,5885.64,48.92,7.57
2004,Bali,93.48,69.37,54.11,81.96,78.53,11549.04,39.49,6.88
2004,Banten,94.12,63.75,39.68,80.81,75.62,9517.16,8.94,7.23
2004,Bengkulu,94.72,67.02,49.01,79.34,73.14,6535.91,29.01,7.23
2004,Daerah Istimewa Yogyakarta,92.55,77.37,61.51,85.08,81.32,10539.58,28.66,7.77
2004,Daerah Khusus Jakarta,91.87,76.08,61.25,86.84,84.17,14018.11,0.0,9.78
2004,Gorontalo,88.85,49.27,28.12,74.93,66.81,5951.36,40.16,6.09
2004,Jambi,93.46,65.69,42.24,79.14,71.58,7278.11,23.84,6.75
2004,Jawa Barat,93.41,61.74,37.18,79.33,72.4,7381.42,24.35,6.54
2004,Jawa Tengah,93.32,67.82,41.67,78.32,73.41,7292.49,31.14,5.89
2004,Jawa Timur,93.71,67.1,41.94,79.83,74.47,7862.04,35.4,6.01
2004,Kalimantan Barat,93.11,53.28,31.51,76.3,67.87,5635.51,82.86,5.69
2004,Kalimantan Selatan,93.19,59.27,35.57,79.89,72.68,8684.29,35.87,6.65
2004,Kalimantan Tengah,95.1,65.15,38.82,78.7,71.18,7493.22,80.4,6.94
2004,Kalimantan Timur,92.87,70.2,52.42,83.74,73.7,8015.47,31.48,7.86
2004,Kalimantan Utara,90.67,61.97,47.39,77.77,69.51,6192.49,100.0,6.99
2004,Kepulauan Bangka Belitung,90.02,56.38,38.15,78.57,71.88,9517.75,7.57,6.48
2004,Kepulauan Riau,91.82,64.03,50.8,83.44,79.49,10563.67,39.71,8.93
2004,Lampung,92.73,63.65,35.66,77.52,71.24,6473.09,14.92,6.66
2004,Maluku,90.92,68.06,56.39,77.35,72.63,6500.29,16.98,7.69
2004,Maluku Utara,93.8,64.17,44.08,77.11,70.26,5291.33,22.38,7.17
2004,Nusa Tenggara Barat,92.42,61.7,38.63,77.9,71.6,7158.18,46.96,5.15
2004,Nusa Tenggara Timur,90.79,43.26,28.27,73.52,69.0,5362.91,68.51,5.84
2004,Papua,85.21,47.78,30.39,78.64,71.31,2168.44,0.0,5.97
2004,Papua Barat,87.62,52.72,31.89,75.44,62.52,5378.91,18.88,6.06
2004,Papua Barat Daya,87.83,55.61,32.97,77.1,65.2,4296.65,69.13,5.92
2004,Papua Pegunungan,68.47,36.64,14.13,59.65,52.39,913.27,36.93,1.74
2004,Papua Selatan,81.26,38.2,19.74,74.8,62.95,5100.31,0.0,5.91
2004,Papua Tengah,66.17,34.81,9.85,65.45,53.79,3153.31,36.11,3.65
2004,Riau,94.64,69.65,47.73,80.06,72.41,8880.38,33.21,7.61
2004,Sulawesi Barat,89.61,55.97,35.15,74.93,68.26,6368.56,13.13,5.62
2004,Sulawesi Selatan,90.64,57.41,38.39,79.45,74.92,7541.33,31.95,6.42
2004,Sulawesi Tengah,91.44,59.45,36.33,76.17,70.95,7205.04,25.17,6.74
2004,Sulawesi Tenggara,90.18,64.02,40.17,78.18,71.84,6561.13,61.03,6.57
2004,Sulawesi Utara,88.26,67.87,50.71,79.15,76.13,7885.62,20.26,7.97
2004,Sumatera Barat,93.64,69.55,53.13,79.95,76.89,8031.78,67.51,7.54
2004,Sumatera Selatan,93.13,64.81,39.48,77.99,73.38,7386.18,7.12,6.77
2004,Sumatera Utara,93.61,73.02,56.65,80.14,73.9,7657.27,19.89,7.92
2005,Aceh,90.25,62.78,45.84,79.85,74.35,6138.27,46.74,7.68
2005,Bali,93.26,70.03,53.04,81.96,78.53,11731.61,37.58,7.02
2005,Banten,93.24,61.19,44.37,80.81,75.62,9706.73,8.68,7.33
2005,Bengkulu,92.64,61.87,45.41,79.34,73.14,6805.48,27.72,7.32
2005,Daerah Istimewa Yogyakarta,95.46,83.27,62.45,85.08,81.32,10792.7,27.62,7.88
2005,Daerah Khusus Jakarta,92.4,74.95,58.62,86.84,84.17,14335.15,0.0,9.86
2005,Gorontalo,88.22,46.3,32.44,74.93,66.81,6236.39,38.32,6.2
2005,Jambi,93.52,64.44,39.54,79.14,71.58,7503.82,22.78,6.86
2005,Jawa Barat,91.86,59.99,36.89,79.33,72.4,7622.64,23.4,6.65
2005,Jawa Tengah,94.47,69.99,43.3,78.32,73.41,7552.18,29.98,5.99
2005,Jawa Timur,94.91,68.85,44.86,79.83,74.47,8130.94,33.9,6.12
2005,Kalimantan Barat,92.49,53.31,32.25,76.3,67.87,5876.15,79.42,5.79
2005,Kalimantan Selatan,95.24,56.89,33.54,79.89,72.68,8925.85,34.44,6.75
2005,Kalimantan Tengah,95.14,71.49,39.49,78.7,71.18,7736.97,76.7,7.04
2005,Kalimantan Timur,92.62,69.8,49.08,83.74,73.7,8312.55,30.36,7.97
2005,Kalimantan Utara,90.98,62.9,48.61,77.77,69.51,6400.85,100.0,7.11
2005,Kepulauan Bangka Belitung,92.0,61.61,39.57,78.57,71.88,9723.42,7.34,6.57
2005,Kepulauan Riau,91.65,66.48,51.06,83.44,79.49,10816.88,37.82,9.01
2005,Lampung,93.54,64.91,39.64,77.52,71.24,6721.18,14.34,6.74
2005,Maluku,91.49,70.43,54.37,77.35,72.63,6662.18,16.36,7.82
2005,Maluku Utara,93.44,61.0,52.65,77.11,70.26,5497.12,21.56,7.28
2005,Nusa Tenggara Barat,92.99,67.53,41.25,77.9,71.6,7385.03,45.32,5.29
2005,Nusa Tenggara Timur,92.0,43.0,27.77,73.52,69.0,5523.48,65.82,5.95
2005,Papua,81.05,44.95,40.49,78.64,71.31,2605.27,0.0,6.16
2005,Papua Barat,87.93,53.65,33.11,75.44,62.52,5556.82,18.46,6.15
2005,Papua Barat Daya,88.14,56.54,34.19,77.1,65.2,4524.24,65.86,6.04
2005,Papua Pegunungan,68.78,37.57,15.35,59.65,52.39,1148.88,35.06,1.86
2005,Papua Selatan,81.57,39.13,20.96,74.8,62.95,5332.82,0.0,6.03
2005,Papua Tengah,66.48,35.74,11.07,65.45,53.79,3385.82,34.72,3.77
2005,Riau,94.95,72.5,50.51,80.06,72.41,9040.03,31.62,7.7
2005,Sulawesi Barat,89.92,56.9,36.37,74.93,68.26,6566.06,13.66,5.74
2005,Sulawesi Selatan,92.04,59.1,39.95,79.45,74.92,7790.45,30.7,6.55
2005,Sulawesi Tengah,92.1,60.89,35.45,76.17,70.95,7382.61,24.44,6.85
2005,Sulawesi Tenggara,92.64,66.04,44.04,78.18,71.84,6772.12,58.36,6.71
2005,Sulawesi Utara,90.64,65.86,50.02,79.15,76.13,8102.97,19.32,8.06
2005,Sumatera Barat,93.65,68.77,53.36,79.95,76.89,8222.7,64.42,7.63
2005,Sumatera Selatan,94.14,64.94,42.54,77.99,73.38,7625.7,6.84,6.86
2005,Sumatera Utara,93.98,72.79,53.5,80.14,73.9,7859.21,19.08,8.02
2006,Aceh,95.48,78.39,57.07,79.85,74.35,6390.91,44.56,7.78
2006,Bali,93.33,70.15,53.54,81.96,78.53,11914.18,35.67,7.15
2006,Banten,94.83,66.56,41.44,80.81,75.62,9896.29,8.42,7.43
2006,Bengkulu,93.89,66.73,47.1,79.34,73.14,7075.06,26.43,7.41
2006,Daerah Istimewa Yogyakarta,94.38,72.3,55.85,85.08,81.32,11045.81,26.58,7.99
2006,Daerah Khusus Jakarta,90.78,71.41,52.82,86.84,84.17,14652.19,0.0,9.95
2006,Gorontalo,90.48,52.31,34.47,74.93,66.81,6521.42,36.48,6.31
2006,Jambi,94.36,65.32,40.95,79.14,71.58,7729.53,21.72,6.97
2006,Jawa Barat,94.21,62.13,37.84,79.33,72.4,7863.85,22.45,6.77
2006,Jawa Tengah,94.05,67.67,42.36,78.32,73.41,7811.87,28.82,6.1
2006,Jawa Timur,94.2,70.28,46.35,79.83,74.47,8399.84,32.4,6.23
2006,Kalimantan Barat,93.82,60.92,34.77,76.3,67.87,6116.79,75.98,5.9
2006,Kalimantan Selatan,93.28,62.12,37.23,79.89,72.68,9167.41,33.01,6.84
2006,Kalimantan Tengah,95.97,67.69,42.66,78.7,71.18,7980.72,73.0,7.13
2006,Kalimantan Timur,92.86,64.0,50.41,83.74,73.7,8609.62,29.24,8.07
2006,Kalimantan Utara,91.28,63.83,49.84,77.77,69.51,6609.21,100.0,7.23
2006,Kepulauan Bangka Belitung,91.51,55.3,34.84,78.57,71.88,9929.1,7.11,6.66
2006,Kepulauan Riau,93.66,72.01,52.13,83.44,79.49,11070.08,35.93,9.09
2006,Lampung,93.94,66.65,39.87,77.52,71.24,6969.27,13.76,6.83
2006,Maluku,92.24,76.86,55.66,77.35,72.63,6824.07,15.74,7.95
2006,Maluku Utara,93.1,65.31,48.66,77.11,70.26,5702.92,20.74,7.39
2006,Nusa Tenggara Barat,94.5,69.62,43.58,77.9,71.6,7611.88,43.68,5.42
2006,Nusa Tenggara Timur,91.58,47.23,30.97,73.52,69.0,5684.06,63.13,6.06
2006,Papua,78.11,47.36,33.36,78.64,71.31,3042.11,0.0,6.35
2006,Papua Barat,88.16,53.94,35.31,75.44,62.52,5734.73,18.04,6.24
2006,Papua Barat Daya,88.44,57.47,35.42,77.1,65.2,4751.83,62.59,6.16
2006,Papua Pegunungan,69.08,38.5,16.58,59.65,52.39,1384.48,33.19,1.98
2006,Papua Selatan,81.87,40.06,22.19,74.8,62.95,5565.33,0.0,6.15
2006,Papua Tengah,66.78,36.67,12.3,65.45,53.79,3618.33,33.33,3.89
2006,Riau,94.72,72.93,49.43,80.06,72.41,9199.68,30.03,7.79
2006,Sulawesi Barat,91.67,55.19,32.35,74.93,68.26,6763.56,14.19,5.87
2006,Sulawesi Selatan,91.08,60.27,40.86,79.45,74.92,8039.58,29.45,6.67
2006,Sulawesi Tengah,92.87,62.97,39.51,76.17,70.95,7560.18,23.71,6.97
2006,Sulawesi Tenggara,92.26,72.42,47.28,78.18,71.84,6983.12,55.69,6.85
2006,Sulawesi Utara,90.4,66.03,48.78,79.15,76.13,8320.32,18.38,8.15
2006,Sumatera Barat,94.17,67.77,51.05,79.95,76.89,8413.61,61.33,7.73
2006,Sumatera Selatan,93.01,68.01,43.15,77.99,73.38,7865.21,6.56,6.95
2006,Sumatera Utara,93.96,73.08,54.14,80.14,73.9,8061.15,18.27,8.12
2007,Aceh,95.75,76.44,61.95,79.85,74.35,6643.55,42.38,7.88
2007,Bali,94.49,66.69,55.81,81.96,78.53,12096.75,33.76,7.28
2007,Banten,93.03,58.96,38.97,80.81,75.62,10085.85,8.16,7.53
2007,Bengkulu,94.3,68.92,48.67,79.34,73.14,7344.64,25.14,7.5
2007,Daerah Istimewa Yogyakarta,93.53,74.94,57.88,85.08,81.32,11298.93,25.54,8.1
2007,Daerah Khusus Jakarta,93.27,71.36,49.76,86.84,84.17,14969.24,0.0,10.03
2007,Gorontalo,90.18,53.15,37.87,74.93,66.81,6806.45,34.64,6.42
2007,Jambi,93.88,65.88,44.41,79.14,71.58,7955.24,20.66,7.07
2007,Jawa Barat,94.17,67.27,38.29,79.33,72.4,8105.07,21.5,6.89
2007,Jawa Tengah,94.78,69.19,44.11,78.32,73.41,8071.56,27.66,6.21
2007,Jawa Timur,94.5,69.21,47.97,79.83,74.47,8668.75,30.9,6.35
2007,Kalimantan Barat,93.48,54.77,36.16,76.3,67.87,6357.44,72.54,6.0
2007,Kalimantan Selatan,94.0,59.65,35.73,79.89,72.68,9408.96,31.58,6.94
2007,Kalimantan Tengah,95.48,60.12,39.28,78.7,71.18,8224.47,69.3,7.22
2007,Kalimantan Timur,93.34,71.24,52.88,83.74,73.7,8906.69,28.12,8.18
2007,Kalimantan Utara,91.58,64.76,51.06,77.77,69.51,6817.56,100.0,7.34
2007,Kepulauan Bangka Belitung,91.59,52.58,37.53,78.57,71.88,10134.78,6.88,6.76
2007,Kepulauan Riau,93.5,71.69,52.63,83.44,79.49,11323.29,34.04,9.17
2007,Lampung,94.04,68.47,40.72,77.52,71.24,7217.36,13.18,6.91
2007,Maluku,93.45,70.08,59.38,77.35,72.63,6985.96,15.12,8.07
2007,Maluku Utara,91.95,64.67,51.39,77.11,70.26,5908.71,19.92,7.5
2007,Nusa Tenggara Barat,94.2,70.79,48.26,77.9,71.6,7838.73,42.04,5.56
2007,Nusa Tenggara Timur,91.61,49.75,33.75,73.52,69.0,5844.64,60.44,6.17
2007,Papua,80.94,48.69,35.78,78.64,71.31,3478.95,0.0,6.55
2007,Papua Barat,90.67,48.76,43.16,75.44,62.52,5912.64,17.62,6.33
2007,Papua Barat Daya,88.74,58.4,36.64,77.1,65.2,4979.42,59.32,6.29
2007,Papua Pegunungan,69.38,39.43,17.8,59.65,52.39,1620.09,31.32,2.11
2007,Papua Selatan,82.17,40.99,23.41,74.8,62.95,5797.84,0.0,6.28
2007,Papua Tengah,67.08,37.6,13.52,65.45,53.79,3850.84,31.94,4.02
2007,Riau,94.8,70.0,51.54,80.06,72.41,9359.33,28.44,7.88
2007,Sulawesi Barat,92.17,53.39,33.28,74.93,68.26,6961.05,14.72,6.0
2007,Sulawesi Selatan,92.19,60.8,41.91,79.45,74.92,8288.71,28.2,6.79
2007,Sulawesi Tengah,92.04,59.36,39.27,76.17,70.95,7737.75,22.98,7.08
2007,Sulawesi Tenggara,93.64,65.89,47.32,78.18,71.84,7194.11,53.02,7.0
2007,Sulawesi Utara,90.75,66.25,50.45,79.15,76.13,8537.67,17.44,8.25
2007,Sumatera Barat,94.45,67.33,54.23,79.95,76.89,8604.53,58.24,7.82
2007,Sumatera Selatan,92.81,65.15,42.72,77.99,73.38,8104.73,6.28,7.04
2007,Sumatera Utara,93.96,73.61,54.95,80.14,73.9,8263.09,17.46,8.22
2008,Aceh,96.05,76.58,62.19,79.85,74.35,6896.18,40.2,7.99
2008,Bali,94.93,67.34,55.65,81.96,78.53,12279.32,31.85,7.41
2008,Banten,93.39,59.5,38.83,80.81,75.62,10275.42,7.9,7.63
2008,Bengkulu,94.4,69.7,48.67,79.34,73.14,7614.21,23.85,7.59
2008,Daerah Istimewa Yogyakarta,94.32,75.31,58.96,85.08,81.32,11552.04,24.5,8.2
2008,Daerah Khusus Jakarta,93.81,71.5,50.05,86.84,84.17,15286.28,0.0,10.12
2008,Gorontalo,90.52,52.9,38.26,74.93,66.81,7091.48,32.8,6.53
2008,Jambi,94.31,66.31,44.81,79.14,71.58,8180.95,19.6,7.18
2008,Jawa Barat,94.19,68.2,38.31,79.33,72.4,8346.29,20.55,7.0
2008,Jawa Tengah,95.14,69.68,44.39,78.32,73.41,8331.25,26.5,6.31
2008,Jawa Timur,94.57,69.55,47.93,79.83,74.47,8937.65,29.4,6.46
2008,Kalimantan Barat,93.96,55.55,36.65,76.3,67.87,6598.08,69.1,6.1
2008,Kalimantan Selatan,94.17,60.56,35.78,79.89,72.68,9650.52,30.15,7.04
2008,Kalimantan Tengah,95.71,60.46,39.13,78.7,71.18,8468.22,65.6,7.32
2008,Kalimantan Timur,93.59,71.43,53.19,83.74,73.7,9203.76,27.0,8.29
2008,Kalimantan Utara,91.89,65.69,52.29,77.77,69.51,7025.92,100.0,7.46
2008,Kepulauan Bangka Belitung,91.77,53.11,37.72,78.57,71.88,10340.46,6.65,6.85
2008,Kepulauan Riau,93.79,72.18,53.4,83.44,79.49,11576.5,32.15,9.25
2008,Lampung,94.28,68.94,41.05,77.52,71.24,7465.45,12.6,7.0
2008,Maluku,93.87,70.58,59.38,77.35,72.63,7147.85,14.5,8.2
2008,Maluku Utara,92.47,65.13,51.73,77.11,70.26,6114.5,19.1,7.61
2008,Nusa Tenggara Barat,94.2,71.44,48.38,77.9,71.6,8065.58,40.4,5.7
2008,Nusa Tenggara Timur,91.72,49.87,34.67,73.52,69.0,6005.21,57.75,6.28
2008,Papua,81.76,48.95,35.79,78.64,71.31,3915.78,0.0,6.74
2008,Papua Barat,90.76,48.98,43.74,75.44,62.52,6090.55,17.2,6.42
2008,Papua Barat Daya,89.05,59.33,37.87,77.1,65.2,5207.01,56.05,6.41
2008,Papua Pegunungan,69.69,40.36,19.03,59.65,52.39,1855.7,29.45,2.23
2008,Papua Selatan,82.48,41.92,24.64,74.8,62.95,6030.35,0.0,6.4
2008,Papua Tengah,67.39,38.53,14.75,65.45,53.79,4083.35,30.55,4.14
2008,Riau,95.04,70.66,51.84,80.06,72.41,9518.98,26.85,7.97
2008,Sulawesi Barat,92.75,53.24,34.21,74.93,68.26,7158.55,15.25,6.12
2008,Sulawesi Selatan,92.17,61.06,41.99,79.45,74.92,8537.84,26.95,6.91
2008,Sulawesi Tengah,92.82,59.73,39.93,76.17,70.95,7915.32,22.25,7.2
2008,Sulawesi Tenggara,94.24,66.41,47.98,78.18,71.84,7405.1,50.35,7.14
2008,Sulawesi Utara,91.17,66.58,50.45,79.15,76.13,8755.02,16.5,8.34
2008,Sumatera Barat,94.66,67.63,54.68,79.95,76.89,8795.44,55.15,7.92
2008,Sumatera Selatan,92.97,65.87,43.05,77.99,73.38,8344.24,6.0,7.13
2008,Sumatera Utara,94.26,74.17,55.16,80.14,73.9,8465.03,16.65,8.32
2009,Aceh,96.95,77.4,62.12,79.85,74.35,7148.82,38.02,8.09
2009,Bali,94.99,67.38,56.48,81.96,78.53,12461.88,29.94,7.55
2009,Banten,94.07,59.69,38.77,80.81,75.62,10464.98,7.64,7.73
2009,Bengkulu,94.98,69.84,48.99,79.34,73.14,7883.79,22.56,7.68
2009,Daerah Istimewa Yogyakarta,94.38,75.34,58.69,85.08,81.32,11805.16,23.46,8.31
2009,Daerah Khusus Jakarta,94.07,72.02,50.43,86.84,84.17,15603.32,0.02,10.2
2009,Gorontalo,90.4,53.05,38.47,74.93,66.81,7376.52,30.96,6.64
2009,Jambi,95.05,66.42,44.71,79.14,71.58,8406.65,18.54,7.29
2009,Jawa Barat,94.56,67.91,38.59,79.33,72.4,8587.51,19.6,7.12
2009,Jawa Tengah,95.63,69.67,44.53,78.32,73.41,8590.95,25.34,6.42
2009,Jawa Timur,95.27,69.9,48.26,79.83,74.47,9206.55,27.9,6.57
2009,Kalimantan Barat,93.96,55.45,36.4,76.3,67.87,6838.72,65.66,6.21
2009,Kalimantan Selatan,94.49,60.56,35.71,79.89,72.68,9892.08,28.72,7.14
2009,Kalimantan Tengah,96.14,60.59,39.27,78.7,71.18,8711.98,61.9,7.41
2009,Kalimantan Timur,93.74,72.06,53.1,83.74,73.7,9500.84,25.88,8.4
2009,Kalimantan Utara,92.19,66.62,53.52,77.77,69.51,7234.28,95.0,7.58
2009,Kepulauan Bangka Belitung,92.52,53.1,38.13,78.57,71.88,10546.14,6.42,6.94
2009,Kepulauan Riau,93.92,72.53,53.42,83.44,79.49,11829.7,30.26,9.32
2009,Lampung,94.79,69.17,41.43,77.52,71.24,7713.55,12.02,7.08
2009,Maluku,94.38,71.48,59.58,77.35,72.63,7309.75,13.88,8.33
2009,Maluku Utara,93.39,65.49,51.74,77.11,70.26,6320.3,18.28,7.72
2009,Nusa Tenggara Barat,94.75,71.32,48.51,77.9,71.6,8292.42,38.76,5.83
2009,Nusa Tenggara Timur,92.46,50.21,34.15,73.52,69.0,6165.79,55.06,6.39
2009,Papua,76.09,49.08,35.77,78.64,71.31,4352.62,0.0,6.93
2009,Papua Barat,91.25,49.03,43.55,75.44,62.52,6268.45,16.78,6.51
2009,Papua Barat Daya,89.35,60.26,39.1,77.1,65.2,5434.59,52.78,6.53
2009,Papua Pegunungan,69.99,41.29,20.26,59.65,52.39,2091.3,27.58,2.35
2009,Papua Selatan,82.78,42.85,25.87,74.8,62.95,6262.85,0.0,6.52
2009,Papua Tengah,67.69,39.46,15.98,65.45,53.79,4315.85,29.16,4.26
2009,Riau,95.52,70.57,51.78,80.06,72.41,9678.62,25.26,8.06
2009,Sulawesi Barat,92.77,53.35,33.41,74.93,68.26,7356.05,15.78,6.25
2009,Sulawesi Selatan,92.27,61.74,42.03,79.45,74.92,8786.96,25.7,7.03
2009,Sulawesi Tengah,92.98,60.22,39.52,76.17,70.95,8092.88,21.52,7.31
2009,Sulawesi Tenggara,94.71,66.45,47.9,78.18,71.84,7616.1,47.68,7.28
2009,Sulawesi Utara,91.9,66.69,50.46,79.15,76.13,8972.38,15.56,8.43
2009,Sumatera Barat,94.75,67.61,54.5,79.95,76.89,8986.36,52.06,8.01
2009,Sumatera Selatan,93.61,65.86,43.01,77.99,73.38,8583.76,5.72,7.22
2009,Sumatera Utara,94.46,74.21,55.3,80.14,73.9,8666.97,15.84,8.42
2010,Aceh,97.32,78.58,62.42,79.85,74.35,7401.45,35.84,8.28
2010,Bali,95.53,67.83,57.14,81.96,78.53,12644.45,28.03,7.74
2010,Banten,94.73,60.32,39.61,80.81,75.62,10654.55,7.38,7.92
2010,Bengkulu,95.53,70.39,49.97,79.34,73.14,8153.36,21.27,7.85
2010,Daerah Istimewa Yogyakarta,94.76,75.55,59.35,85.08,81.32,12058.27,22.42,8.51
2010,Daerah Khusus Jakarta,94.59,71.96,50.57,86.84,84.17,15920.36,0.09,10.37
2010,Gorontalo,90.81,53.83,39.15,74.93,66.81,7661.55,29.12,6.85
2010,Jambi,95.61,66.91,45.31,79.14,71.58,8632.36,17.48,7.34
2010,Jawa Barat,95.02,68.43,38.84,79.33,72.4,8828.73,18.65,7.4
2010,Jawa Tengah,95.93,69.92,45.0,78.32,73.41,8850.64,24.18,6.71
2010,Jawa Timur,95.63,70.17,48.6,79.83,74.47,9475.45,26.4,6.73
2010,Kalimantan Barat,94.76,56.06,36.83,76.3,67.87,7079.36,62.22,6.27
2010,Kalimantan Selatan,95.0,60.9,36.24,79.89,72.68,10133.64,27.29,7.25
2010,Kalimantan Tengah,96.63,61.3,39.62,78.7,71.18,8955.73,58.2,7.62
2010,Kalimantan Timur,94.14,72.56,53.66,83.74,73.7,9797.91,24.76,8.56
2010,Kalimantan Utara,92.5,67.55,54.74,77.77,69.51,7442.64,88.85,7.81
2010,Kepulauan Bangka Belitung,92.86,53.58,38.69,78.57,71.88,10751.82,6.19,7.07
2010,Kepulauan Riau,94.56,72.92,54.74,83.44,79.49,12082.91,28.37,9.38
2010,Lampung,95.2,69.61,41.97,77.52,71.24,7961.64,11.44,7.26
2010,Maluku,95.0,71.88,59.8,77.35,72.63,7471.64,13.26,8.64
2010,Maluku Utara,93.97,66.01,52.68,77.11,70.26,6526.09,17.46,7.91
2010,Nusa Tenggara Barat,95.16,71.73,49.35,77.9,71.6,8519.27,37.12,5.73
2010,Nusa Tenggara Timur,93.03,51.03,34.93,73.52,69.0,6326.36,52.37,6.5
2010,Papua,76.22,49.62,36.06,78.64,71.31,4789.45,0.0,5.59
2010,Papua Barat,92.29,50.1,44.75,75.44,62.52,6446.36,16.36,6.77
2010,Papua Barat Daya,89.66,61.19,40.32,77.1,65.2,5662.18,49.51,6.66
2010,Papua Pegunungan,70.3,42.22,21.48,59.65,52.39,2326.91,25.71,2.48
2010,Papua Selatan,83.09,43.78,27.09,74.8,62.95,6495.36,0.0,6.65
2010,Papua Tengah,68.0,40.39,17.2,65.45,53.79,4548.36,27.77,4.39
2010,Riau,96.24,71.36,52.24,80.06,72.41,9838.27,23.67,8.25
2010,Sulawesi Barat,93.94,54.24,34.03,74.93,68.26,7553.55,16.31,6.63
2010,Sulawesi Selatan,92.86,62.32,42.75,79.45,74.92,9036.09,24.45,7.29
2010,Sulawesi Tengah,93.54,60.83,40.23,76.17,70.95,8270.45,20.79,7.65
2010,Sulawesi Tenggara,95.06,67.14,48.54,78.18,71.84,7827.09,45.01,7.57
2010,Sulawesi Utara,92.25,67.07,50.7,79.15,76.13,9189.73,14.62,8.66
2010,Sumatera Barat,95.51,68.22,55.06,79.95,76.89,9177.27,48.97,8.13
2010,Sumatera Selatan,94.17,66.27,43.49,77.99,73.38,8823.27,5.44,7.34
2010,Sumatera Utara,95.33,74.76,55.72,80.14,73.9,8868.91,15.03,8.51
2011,Aceh,92.51,74.87,61.37,79.85,74.35,7654.09,33.66,8.32
2011,Bali,90.08,69.53,59.48,81.96,78.53,12827.02,26.12,7.77
2011,Banten,92.41,71.01,46.24,80.81,75.62,10844.11,7.12,7.95
2011,Bengkulu,92.6,68.81,50.78,79.34,73.14,8422.94,19.98,7.93
2011,Daerah Istimewa Yogyakarta,92.04,69.48,59.25,85.08,81.32,12311.39,21.38,8.53
2011,Daerah Khusus Jakarta,90.26,69.66,49.91,86.84,84.17,16237.41,0.16,10.4
2011,Gorontalo,90.03,60.43,44.46,74.93,66.81,7946.58,27.28,6.89
2011,Jambi,92.36,67.43,49.46,79.14,71.58,8858.07,16.42,7.48
2011,Jawa Barat,92.26,69.89,42.45,79.33,72.4,9069.95,17.7,7.46
2011,Jawa Tengah,90.2,69.92,47.17,78.32,73.41,9110.33,23.02,6.74
2011,Jawa Timur,91.9,71.78,49.29,79.83,74.47,9744.36,24.9,6.79
2011,Kalimantan Barat,92.3,59.05,36.86,76.3,67.87,7320.01,58.78,6.32
2011,Kalimantan Selatan,92.24,66.35,43.36,79.89,72.68,10375.19,25.86,7.37
2011,Kalimantan Tengah,92.15,66.62,44.99,78.7,71.18,9199.48,54.5,7.68
2011,Kalimantan Timur,92.29,72.5,55.52,83.74,73.7,10094.98,23.64,8.79
2011,Kalimantan Utara,92.8,68.47,55.97,77.77,69.51,7650.99,82.7,7.92
2011,Kepulauan Bangka Belitung,90.92,60.85,41.92,78.57,71.88,10957.5,5.96,7.19
2011,Kepulauan Riau,92.24,74.29,56.85,83.44,79.49,12336.12,26.48,9.46
2011,Lampung,91.63,67.06,46.05,77.52,71.24,8209.73,10.86,7.28
2011,Maluku,88.38,63.19,52.78,77.35,72.63,7633.53,12.64,8.72
2011,Maluku Utara,89.83,65.99,52.36,77.11,70.26,6731.88,16.64,7.98
2011,Nusa Tenggara Barat,92.61,76.56,53.41,77.9,71.6,8746.12,35.48,6.07
2011,Nusa Tenggara Timur,91.97,56.51,40.33,73.52,69.0,6486.94,49.68,6.6
2011,Papua,69.6,44.44,30.82,78.64,71.31,5226.29,0.0,5.6
2011,Papua Barat,87.77,56.68,48.33,75.44,62.52,6624.27,15.94,6.82
2011,Papua Barat Daya,89.96,62.11,41.55,77.1,65.2,5889.77,46.24,6.78
2011,Papua Pegunungan,70.6,43.14,22.71,59.65,52.39,2562.52,23.84,2.6
2011,Papua Selatan,83.39,44.7,28.32,74.8,62.95,6727.87,0.98,6.77
2011,Papua Tengah,68.3,41.31,18.43,65.45,53.79,4780.87,26.38,4.51
2011,Riau,91.63,66.26,53.31,80.06,72.41,9997.92,22.08,8.29
2011,Sulawesi Barat,89.18,62.76,48.41,74.93,68.26,7751.04,16.84,6.65
2011,Sulawesi Selatan,89.48,65.87,48.17,79.45,74.92,9285.22,23.2,7.33
2011,Sulawesi Tengah,90.08,62.99,48.5,76.17,70.95,8448.02,20.06,7.69
2011,Sulawesi Tenggara,88.55,64.22,51.32,78.18,71.84,8038.08,42.34,7.67
2011,Sulawesi Utara,85.88,60.94,50.15,79.15,76.13,9407.08,13.68,8.68
2011,Sumatera Barat,93.44,67.77,54.78,79.95,76.89,9368.19,45.88,8.2
2011,Sumatera Selatan,89.57,64.74,45.79,77.99,73.38,9062.79,5.16,7.42
2011,Sumatera Utara,91.61,68.08,57.48,80.14,73.9,9070.85,14.22,8.61
2012,Aceh,94.66,78.61,61.82,79.85,74.35,7906.73,31.48,8.36
2012,Bali,91.01,74.46,63.55,81.96,78.53,13009.59,24.21,8.05
2012,Banten,93.67,73.79,53.0,80.81,75.62,11033.67,6.86,8.06
2012,Bengkulu,94.1,71.97,50.83,79.34,73.14,8692.52,18.69,8.01
2012,Daerah Istimewa Yogyakarta,96.11,72.44,63.54,85.08,81.32,12564.5,20.34,8.63
2012,Daerah Khusus Jakarta,90.48,70.31,54.25,86.84,84.17,16554.45,0.23,10.43
2012,Gorontalo,92.0,60.48,45.47,74.93,66.81,8231.61,25.44,6.92
2012,Jambi,94.1,69.56,46.09,79.14,71.58,9083.78,15.36,7.69
2012,Jawa Barat,93.41,73.54,51.24,79.33,72.4,9311.16,16.75,7.52
2012,Jawa Tengah,92.05,72.52,51.11,78.32,73.41,9370.02,21.86,6.77
2012,Jawa Timur,92.93,74.42,52.36,79.83,74.47,10013.26,23.4,6.85
2012,Kalimantan Barat,92.93,59.72,37.44,76.3,67.87,7560.65,55.34,6.62
2012,Kalimantan Selatan,93.16,66.94,49.39,79.89,72.68,10616.75,24.43,7.48
2012,Kalimantan Tengah,96.03,65.11,43.55,78.7,71.18,9443.23,50.8,7.73
2012,Kalimantan Timur,94.06,74.12,60.34,83.74,73.7,10392.05,22.52,8.83
2012,Kalimantan Utara,93.1,69.4,57.19,77.77,69.51,7859.35,76.55,8.03
2012,Kepulauan Bangka Belitung,94.12,63.28,42.93,78.57,71.88,11163.18,5.73,7.25
2012,Kepulauan Riau,94.5,78.67,63.53,83.44,79.49,12589.32,24.59,9.58
2012,Lampung,93.5,72.08,46.14,77.52,71.24,8457.82,10.28,7.3
2012,Maluku,90.05,66.03,50.2,77.35,72.63,7795.42,12.02,8.8
2012,Maluku Utara,92.59,64.43,56.76,77.11,70.26,6937.68,15.82,8.04
2012,Nusa Tenggara Barat,93.61,77.44,53.81,77.9,71.6,8972.97,33.84,6.33
2012,Nusa Tenggara Timur,92.16,55.83,38.19,73.52,69.0,6647.52,46.99,6.71
2012,Papua,70.78,43.61,29.16,78.64,71.31,5663.13,0.0,5.73
2012,Papua Barat,88.84,57.9,44.98,75.44,62.52,6802.18,15.52,6.87
2012,Papua Barat Daya,90.26,63.04,42.77,77.1,65.2,6117.36,42.97,6.91
2012,Papua Pegunungan,70.9,44.07,23.93,59.65,52.39,2798.12,21.97,2.73
2012,Papua Selatan,83.69,45.63,29.54,74.8,62.95,6960.38,2.04,6.9
2012,Papua Tengah,68.6,42.24,19.65,65.45,53.79,5013.38,24.99,4.64
2012,Riau,92.62,70.18,53.06,80.06,72.41,10157.57,20.49,8.34
2012,Sulawesi Barat,91.29,61.75,44.54,74.93,68.26,7948.54,17.37,6.76
2012,Sulawesi Selatan,90.61,69.68,54.2,79.45,74.92,9534.35,21.95,7.37
2012,Sulawesi Tengah,90.79,62.36,52.25,76.17,70.95,8625.59,19.33,7.73
2012,Sulawesi Tenggara,92.54,68.84,50.67,78.18,71.84,8249.08,39.67,7.76
2012,Sulawesi Utara,87.78,62.39,51.15,79.15,76.13,9624.43,12.74,8.71
2012,Sumatera Barat,95.77,70.08,55.68,79.95,76.89,9559.1,42.79,8.27
2012,Sumatera Selatan,92.79,67.94,49.34,77.99,73.38,9302.3,4.88,7.5
2012,Sumatera Utara,93.35,70.57,60.29,80.14,73.9,9272.79,13.41,8.72
2013,Aceh,97.09,82.57,63.43,79.85,74.35,8159.36,29.3,8.44
2013,Bali,94.11,80.69,67.04,81.96,78.53,13192.16,22.3,8.1
2013,Banten,96.24,78.17,53.28,80.81,75.62,11223.24,6.6,8.17
2013,Bengkulu,97.37,73.07,60.32,79.34,73.14,8962.09,17.4,8.09
2013,Daerah Istimewa Yogyakarta,98.75,75.64,64.86,85.08,81.32,12817.62,19.3,8.72
2013,Daerah Khusus Jakarta,96.07,75.46,55.4,86.84,84.17,16871.49,0.3,10.47
2013,Gorontalo,95.93,64.26,48.91,74.93,66.81,8516.64,23.6,6.96
2013,Jambi,96.43,73.23,52.13,79.14,71.58,9309.49,14.3,7.8
2013,Jawa Barat,97.08,76.76,52.25,79.33,72.4,9552.38,15.8,7.58
2013,Jawa Tengah,95.68,74.94,51.81,78.32,73.41,9629.71,20.7,6.8
2013,Jawa Timur,96.1,77.36,53.3,79.83,74.47,10282.16,21.9,6.9
2013,Kalimantan Barat,94.39,59.53,44.79,76.3,67.87,7801.29,51.9,6.69
2013,Kalimantan Selatan,96.74,69.57,50.05,79.89,72.68,10858.31,23.0,7.59
2013,Kalimantan Tengah,97.41,68.15,45.43,78.7,71.18,9686.98,47.1,7.79
2013,Kalimantan Timur,95.76,75.79,62.91,83.74,73.7,10689.13,21.4,8.87
2013,Kalimantan Utara,93.41,70.33,58.42,77.77,69.51,8067.71,70.4,8.1
2013,Kepulauan Bangka Belitung,95.72,63.83,50.8,78.57,71.88,11368.85,5.5,7.32
2013,Kepulauan Riau,97.64,83.31,67.62,83.44,79.49,12842.53,22.7,9.63
2013,Lampung,97.41,74.96,53.48,77.52,71.24,8705.91,9.7,7.32
2013,Maluku,92.25,67.06,55.59,77.35,72.63,7957.31,11.4,8.81
2013,Maluku Utara,95.47,70.73,59.54,77.11,70.26,7143.47,15.0,8.27
2013,Nusa Tenggara Barat,96.71,80.21,58.0,77.9,71.6,9199.82,32.2,6.54
2013,Nusa Tenggara Timur,93.53,59.32,47.3,73.52,69.0,6808.09,44.3,6.76
2013,Papua,72.57,45.76,36.73,78.64,71.31,6099.96,0.0,5.74
2013,Papua Barat,89.71,60.9,53.8,75.44,62.52,6980.09,15.1,6.91
2013,Papua Barat Daya,90.57,63.97,44.0,77.1,65.2,6344.95,39.7,7.03
2013,Papua Pegunungan,71.21,45.0,25.16,59.65,52.39,3033.73,20.1,2.85
2013,Papua Selatan,84.0,46.56,30.77,74.8,62.95,7192.89,3.1,7.02
2013,Papua Tengah,68.91,43.17,20.88,65.45,53.79,5245.89,23.6,4.76
2013,Riau,95.33,74.23,58.74,80.06,72.41,10317.22,18.9,8.38
2013,Sulawesi Barat,93.52,62.0,52.22,74.93,68.26,8146.04,17.9,6.87
2013,Sulawesi Selatan,95.67,69.79,54.26,79.45,74.92,9783.47,20.7,7.45
2013,Sulawesi Tengah,90.27,63.72,58.38,76.17,70.95,8803.16,18.6,7.82
2013,Sulawesi Tenggara,95.15,69.68,55.5,78.18,71.84,8460.07,37.0,7.93
2013,Sulawesi Utara,91.61,64.55,57.26,79.15,76.13,9841.78,11.8,8.79
2013,Sumatera Barat,97.1,72.56,61.0,79.95,76.89,9750.02,39.7,8.28
2013,Sumatera Selatan,95.12,72.06,51.67,77.99,73.38,9541.82,4.6,7.53
2013,Sumatera Utara,95.64,73.98,62.19,80.14,73.9,9474.73,12.6,8.79
2014,Aceh,97.8,85.2,69.2,79.85,74.35,8412.0,27.12,8.71
2014,Bali,95.29,84.58,70.83,81.96,78.53,13374.73,20.39,8.11
2014,Banten,96.69,79.56,56.87,80.81,75.62,11412.8,6.34,8.19
2014,Bengkulu,98.03,76.44,64.61,79.34,73.14,9231.67,16.11,8.28
2014,Daerah Istimewa Yogyakarta,98.98,82.2,68.46,85.08,81.32,13070.73,18.26,8.84
2014,Daerah Khusus Jakarta,96.84,79.61,58.79,86.84,84.17,17188.53,0.37,10.54
2014,Gorontalo,96.74,68.29,56.07,74.93,66.81,8801.67,21.76,6.97
2014,Jambi,97.15,77.34,59.22,79.14,71.58,9535.2,13.24,7.92
2014,Jawa Barat,97.6,79.3,56.48,79.33,72.4,9793.6,14.85,7.71
2014,Jawa Tengah,96.45,78.57,58.11,78.32,73.41,9889.4,19.54,6.93
2014,Jawa Timur,96.98,80.94,60.0,79.83,74.47,10551.07,20.4,7.05
2014,Kalimantan Barat,95.75,64.23,50.06,76.3,67.87,8041.93,48.46,6.83
2014,Kalimantan Selatan,97.44,72.4,55.04,79.89,72.68,11099.87,21.57,7.6
2014,Kalimantan Tengah,98.13,75.4,51.75,78.7,71.18,9930.73,43.4,7.82
2014,Kalimantan Timur,96.81,78.96,67.41,83.74,73.7,10986.2,20.28,9.04
2014,Kalimantan Utara,93.71,71.26,59.65,77.77,69.51,8276.07,64.25,8.35
2014,Kepulauan Bangka Belitung,96.49,71.83,56.93,78.57,71.88,11574.53,5.27,7.35
2014,Kepulauan Riau,98.22,83.36,70.52,83.44,79.49,13095.73,20.81,9.64
2014,Lampung,97.98,77.98,57.64,77.52,71.24,8954.0,9.12,7.48
2014,Maluku,93.74,73.1,62.6,77.35,72.63,8119.2,10.78,9.15
2014,Maluku Utara,96.21,75.03,63.1,77.11,70.26,7349.27,14.18,8.34
2014,Nusa Tenggara Barat,97.62,82.29,64.11,77.9,71.6,9426.67,30.56,6.67
2014,Nusa Tenggara Timur,94.56,65.86,52.15,73.52,69.0,6968.67,41.61,6.85
2014,Papua,78.36,53.68,43.11,78.64,71.31,6536.8,0.0,5.76
2014,Papua Barat,92.76,68.18,62.29,75.44,62.52,7158.0,14.68,6.96
2014,Papua Barat Daya,90.87,64.9,45.23,77.1,65.2,6572.53,36.43,7.15
2014,Papua Pegunungan,71.51,45.93,26.39,59.65,52.39,3269.33,18.23,2.97
2014,Papua Selatan,84.3,47.49,32.0,74.8,62.95,7425.4,4.16,7.14
2014,Papua Tengah,69.21,44.1,22.11,65.45,53.79,5478.4,22.21,4.88
2014,Riau,96.42,77.67,62.31,80.06,72.41,10476.87,17.31,8.47
2014,Sulawesi Barat,94.97,68.37,56.65,74.93,68.26,8343.53,18.43,6.88
2014,Sulawesi Selatan,96.39,73.18,59.1,79.45,74.92,10032.6,19.45,7.49
2014,Sulawesi Tengah,91.77,70.62,63.13,76.17,70.95,8980.73,17.87,7.89
2014,Sulawesi Tenggara,95.97,74.77,61.91,78.18,71.84,8671.07,34.33,8.02
2014,Sulawesi Utara,93.42,72.32,61.69,79.15,76.13,10059.13,10.86,8.86
2014,Sumatera Barat,97.92,75.61,66.52,79.95,76.89,9940.93,36.61,8.29
2014,Sumatera Selatan,96.13,75.87,57.92,77.99,73.38,9781.33,4.32,7.66
2014,Sumatera Utara,96.29,78.33,65.8,80.14,73.9,9676.67,11.79,8.93
2015,Aceh,97.99,85.55,69.82,79.85,74.35,8664.64,24.94,8.77
2015,Bali,95.64,84.78,71.53,81.96,78.53,13557.3,18.48,8.26
2015,Banten,96.98,79.84,57.04,80.81,75.62,11602.36,6.08,8.27
2015,Bengkulu,98.1,76.88,64.97,79.34,73.14,9501.24,14.82,8.29
2015,Daerah Istimewa Yogyakarta,99.23,82.86,68.6,85.08,81.32,13323.85,17.22,9.0
2015,Daerah Khusus Jakarta,96.91,80.2,59.04,86.84,84.17,17505.58,0.44,10.7
2015,Gorontalo,97.09,68.71,56.24,74.93,66.81,9086.7,19.92,7.05
2015,Jambi,97.68,77.94,59.41,79.14,71.58,9760.91,12.18,7.96
2015,Jawa Barat,97.68,79.55,56.73,79.33,72.4,10034.82,13.9,7.86
2015,Jawa Tengah,96.57,78.66,58.27,78.32,73.41,10149.09,18.38,7.03
2015,Jawa Timur,97.38,81.16,60.31,79.83,74.47,10819.97,18.9,7.14
2015,Kalimantan Barat,96.09,64.55,50.32,76.3,67.87,8282.58,45.02,6.93
2015,Kalimantan Selatan,97.75,72.51,55.58,79.89,72.68,11341.42,20.14,7.76
2015,Kalimantan Tengah,98.54,75.76,52.36,78.7,71.18,10174.48,39.7,8.03
2015,Kalimantan Timur,97.0,79.06,67.78,83.74,73.7,11283.27,19.16,9.15
2015,Kalimantan Utara,91.83,77.25,62.34,77.77,69.51,8484.42,58.1,8.36
2015,Kepulauan Bangka Belitung,96.66,72.42,57.02,78.57,71.88,11780.21,5.04,7.46
2015,Kepulauan Riau,98.68,83.77,71.23,83.44,79.49,13348.94,18.92,9.65
2015,Lampung,98.32,78.2,58.39,77.52,71.24,9202.09,8.54,7.56
2015,Maluku,94.34,73.29,63.07,77.35,72.63,8281.09,10.16,9.16
2015,Maluku Utara,96.65,75.38,63.2,77.11,70.26,7555.06,13.36,8.37
2015,Nusa Tenggara Barat,97.8,82.83,64.97,77.9,71.6,9653.52,28.92,6.71
2015,Nusa Tenggara Timur,94.95,66.32,52.51,73.52,69.0,7129.24,38.92,6.93
2015,Papua,78.56,54.21,43.22,78.64,71.31,6973.64,0.0,5.99
2015,Papua Barat,92.9,68.29,62.4,75.44,62.52,7335.91,14.26,7.01
2015,Papua Barat Daya,91.17,65.83,46.45,77.1,65.2,6800.12,33.16,7.28
2015,Papua Pegunungan,71.81,46.86,27.61,59.65,52.39,3504.94,16.36,3.1
2015,Papua Selatan,84.6,48.42,33.22,74.8,62.95,7657.91,5.22,7.27
2015,Papua Tengah,69.51,45.03,23.33,65.45,53.79,5710.91,20.82,5.01
2015,Riau,96.63,78.22,62.6,80.06,72.41,10636.52,15.72,8.49
2015,Sulawesi Barat,95.29,68.92,56.78,74.93,68.26,8541.03,18.96,6.94
2015,Sulawesi Selatan,96.84,73.51,59.47,79.45,74.92,10281.73,18.2,7.64
2015,Sulawesi Tengah,92.35,71.1,63.32,76.17,70.95,9158.3,17.14,7.97
2015,Sulawesi Tenggara,96.15,75.43,62.23,78.18,71.84,8882.06,31.66,8.18
2015,Sulawesi Utara,93.97,73.02,62.23,79.15,76.13,10276.48,9.92,8.88
2015,Sumatera Barat,98.12,76.0,66.9,79.95,76.89,10131.85,33.52,8.42
2015,Sumatera Selatan,96.41,76.18,58.27,77.99,73.38,10020.85,4.04,7.77
2015,Sumatera Utara,96.47,78.48,66.69,80.14,73.9,9878.61,10.98,9.03
2016,Aceh,98.16,85.73,70.0,79.85,74.35,8768.0,22.76,8.86
2016,Bali,95.75,84.99,71.71,81.96,78.53,13279.0,16.57,8.36
2016,Banten,97.22,79.93,57.21,80.81,75.62,11469.0,5.82,8.37
2016,Bengkulu,98.22,77.02,65.29,79.34,73.14,9492.0,13.53,8.37
2016,Daerah Istimewa Yogyakarta,99.21,83.05,68.96,85.08,81.32,13229.0,16.18,9.12
2016,Daerah Khusus Jakarta,97.01,80.35,59.3,86.84,84.17,17468.0,0.51,10.88
2016,Gorontalo,97.23,68.89,56.37,74.93,66.81,9175.0,18.08,7.12
2016,Jambi,97.81,78.09,59.52,79.14,71.58,9795.0,11.12,8.07
2016,Jawa Barat,97.82,79.76,56.92,79.33,72.4,10035.0,12.95,7.95
2016,Jawa Tengah,96.64,78.89,58.49,78.32,73.41,10153.0,17.22,7.15
2016,Jawa Timur,97.49,81.35,60.76,79.83,74.47,10715.0,17.4,7.23
2016,Kalimantan Barat,96.22,64.69,50.43,76.3,67.87,8348.0,41.58,6.98
2016,Kalimantan Selatan,98.05,72.7,55.91,79.89,72.68,11307.0,18.71,7.89
2016,Kalimantan Tengah,98.67,75.92,52.5,78.7,71.18,10155.0,36.0,8.13
2016,Kalimantan Timur,97.13,79.2,67.92,83.74,73.7,11355.0,18.04,9.24
2016,Kalimantan Utara,92.18,77.46,62.8,77.77,69.51,8434.0,51.95,8.49
2016,Kepulauan Bangka Belitung,96.75,72.75,57.22,78.57,71.88,11960.0,4.81,7.62
2016,Kepulauan Riau,98.83,84.06,71.58,83.44,79.49,13359.0,17.03,9.67
2016,Lampung,98.46,78.34,58.85,77.52,71.24,9156.0,7.96,7.63
2016,Maluku,94.5,73.4,63.49,77.35,72.63,8215.0,9.54,9.27
2016,Maluku Utara,96.75,75.68,63.47,77.11,70.26,7545.0,12.54,8.52
2016,Nusa Tenggara Barat,97.9,83.17,65.19,77.9,71.6,9575.0,27.28,6.79
2016,Nusa Tenggara Timur,95.24,66.56,52.87,73.52,69.0,7122.0,36.23,7.02
2016,Papua,78.66,54.26,43.27,78.64,71.31,6637.0,0.0,6.15
2016,Papua Barat,93.06,68.58,62.62,75.44,62.52,7175.0,13.84,7.06
2016,Papua Barat Daya,91.48,66.76,47.68,77.1,65.2,6985.0,29.89,7.4
2016,Papua Pegunungan,72.12,47.79,28.84,59.65,52.39,3770.0,14.49,3.22
2016,Papua Selatan,84.91,49.35,34.45,74.8,62.95,7892.0,6.28,7.39
2016,Papua Tengah,69.82,45.96,24.56,65.45,53.79,5945.0,19.43,5.13
2016,Riau,96.74,78.53,62.76,80.06,72.41,10465.0,14.13,8.59
2016,Sulawesi Barat,95.41,69.1,57.08,74.93,68.26,8450.0,19.49,7.14
2016,Sulawesi Selatan,96.99,73.67,59.62,79.45,74.92,10281.0,16.95,7.75
2016,Sulawesi Tengah,92.48,71.25,63.61,76.17,70.95,9034.0,16.41,8.12
2016,Sulawesi Tenggara,96.27,75.54,62.63,78.18,71.84,8871.0,28.99,8.32
2016,Sulawesi Utara,94.12,73.15,62.5,79.15,76.13,10148.0,8.98,8.96
2016,Sumatera Barat,98.23,76.19,67.12,79.95,76.89,10126.0,30.43,8.59
2016,Sumatera Selatan,96.59,76.43,58.59,77.99,73.38,9935.0,3.76,7.83
2016,Sumatera Utara,96.57,78.71,66.85,80.14,73.9,9744.0,10.17,9.12
2017,Aceh,98.54,86.31,70.15,79.85,74.35,8957.0,20.58,8.98
2017,Bali,96.09,85.32,72.4,81.96,78.53,13573.0,14.66,8.55
2017,Banten,97.56,80.59,57.88,80.81,75.62,11659.0,5.56,8.53
2017,Bengkulu,98.6,77.85,65.33,79.34,73.14,9778.0,12.24,8.47
2017,Daerah Istimewa Yogyakarta,99.29,83.25,69.66,85.08,81.32,13521.0,15.14,9.19
2017,Daerah Khusus Jakarta,97.64,80.72,59.54,86.84,84.17,17707.0,0.58,11.02
2017,Gorontalo,97.54,69.15,56.82,74.93,66.81,9532.0,16.24,7.28
2017,Jambi,98.41,78.57,59.98,79.14,71.58,9880.0,10.06,8.15
2017,Jawa Barat,98.05,80.29,57.22,79.33,72.4,10285.0,12.0,8.14
2017,Jawa Tengah,97.13,79.13,59.2,78.32,73.41,10377.0,16.06,7.27
2017,Jawa Timur,97.77,81.52,61.49,79.83,74.47,10973.0,15.9,7.34
2017,Kalimantan Barat,96.59,65.19,50.96,76.3,67.87,8472.0,38.14,7.05
2017,Kalimantan Selatan,98.45,73.37,57.15,79.89,72.68,11600.0,17.28,7.99
2017,Kalimantan Tengah,98.94,76.14,53.86,78.7,71.18,10492.0,32.3,8.29
2017,Kalimantan Timur,97.43,79.58,68.23,83.74,73.7,11612.0,16.92,9.36
2017,Kalimantan Utara,92.46,77.66,63.15,77.77,69.51,8643.0,45.8,8.62
2017,Kepulauan Bangka Belitung,97.42,73.06,57.69,78.57,71.88,12066.0,4.58,7.78
2017,Kepulauan Riau,98.93,84.28,71.98,83.44,79.49,13566.0,15.14,9.79
2017,Lampung,99.02,79.24,58.97,77.52,71.24,9413.0,7.38,7.79
2017,Maluku,95.5,73.99,63.65,77.35,72.63,8433.0,8.92,9.38
2017,Maluku Utara,97.01,76.26,63.52,77.11,70.26,7792.0,11.72,8.61
2017,Nusa Tenggara Barat,98.13,83.57,65.67,77.9,71.6,9877.0,25.64,6.9
2017,Nusa Tenggara Timur,95.4,67.16,53.32,73.52,69.0,7350.0,33.54,7.15
2017,Papua,78.83,56.13,43.48,78.64,71.31,6996.0,1.12,6.27
2017,Papua Barat,93.58,68.92,62.74,75.44,62.52,7493.0,13.42,7.15
2017,Papua Barat Daya,91.78,67.69,48.9,77.1,65.2,7218.0,26.62,7.52
2017,Papua Pegunungan,72.42,48.72,30.06,59.65,52.39,4003.0,12.62,3.34
2017,Papua Selatan,85.21,50.28,35.67,74.8,62.95,8125.0,7.34,7.51
2017,Papua Tengah,70.12,46.89,25.78,65.45,53.79,6178.0,18.04,5.25
2017,Riau,97.08,78.87,63.02,80.06,72.41,10677.0,12.54,8.76
2017,Sulawesi Barat,95.51,69.4,57.46,74.93,68.26,8736.0,20.02,7.31
2017,Sulawesi Selatan,97.49,74.36,59.86,79.45,74.92,10489.0,15.7,7.95
2017,Sulawesi Tengah,92.75,72.25,63.8,76.17,70.95,9311.0,15.68,8.29
2017,Sulawesi Tenggara,96.62,76.49,62.71,78.18,71.84,9094.0,26.32,8.46
2017,Sulawesi Utara,94.46,73.87,62.81,79.15,76.13,10422.0,8.04,9.14
2017,Sumatera Barat,98.64,76.47,67.3,79.95,76.89,10306.0,27.34,8.72
2017,Sumatera Selatan,97.16,76.89,59.06,77.99,73.38,10220.0,3.48,7.99
2017,Sumatera Utara,97.22,79.12,67.05,80.14,73.9,10036.0,9.36,9.25
2018,Aceh,99.1,86.38,70.26,79.85,74.35,9186.0,18.4,9.09
2018,Bali,96.19,86.0,73.0,81.96,78.53,13886.0,12.75,8.65
2018,Banten,97.97,80.91,58.72,80.81,75.62,11994.0,5.3,8.62
2018,Bengkulu,98.63,78.03,65.45,79.34,73.14,10162.0,10.95,8.61
2018,Daerah Istimewa Yogyakarta,99.5,83.61,70.22,85.08,81.32,13946.0,14.1,9.32
2018,Daerah Khusus Jakarta,98.03,80.81,60.01,86.84,84.17,18128.0,0.65,11.05
2018,Gorontalo,98.39,69.33,57.38,74.93,66.81,9839.0,14.4,7.46
2018,Jambi,99.04,79.38,60.92,79.14,71.58,10357.0,9.0,8.23
2018,Jawa Barat,98.25,81.01,57.33,79.33,72.4,10790.0,11.05,8.15
2018,Jawa Tengah,97.75,79.31,59.31,78.32,73.41,10777.0,14.9,7.35
2018,Jawa Timur,97.88,81.98,61.51,79.83,74.47,11380.0,14.4,7.39
2018,Kalimantan Barat,97.09,65.91,51.16,76.3,67.87,8860.0,34.7,7.12
2018,Kalimantan Selatan,98.8,73.84,57.78,79.89,72.68,12062.0,15.85,8.0
2018,Kalimantan Tengah,99.08,76.7,53.67,78.7,71.18,10931.0,28.6,8.37
2018,Kalimantan Timur,98.4,79.68,68.43,83.74,73.7,11917.0,15.8,9.48
2018,Kalimantan Utara,92.72,78.2,64.05,77.77,69.51,8943.0,39.65,8.87
2018,Kepulauan Bangka Belitung,97.71,73.96,57.86,78.57,71.88,12666.0,4.35,7.84
2018,Kepulauan Riau,99.12,84.59,72.9,83.44,79.49,13976.0,13.25,9.81
2018,Lampung,99.21,80.23,59.18,77.52,71.24,9858.0,6.8,7.82
2018,Maluku,95.8,74.08,63.68,77.35,72.63,8721.0,8.3,9.58
2018,Maluku Utara,97.09,76.31,63.88,77.11,70.26,7980.0,10.9,8.72
2018,Nusa Tenggara Barat,98.86,83.88,65.77,77.9,71.6,10284.0,24.0,7.03
2018,Nusa Tenggara Timur,96.12,68.14,53.67,73.52,69.0,7566.0,30.85,7.3
2018,Papua,79.14,57.09,44.31,78.64,71.31,7159.0,2.75,6.52
2018,Papua Barat,93.66,69.11,63.11,75.44,62.52,7816.0,13.0,7.27
2018,Papua Barat Daya,92.08,68.62,50.13,77.1,65.2,7450.0,23.35,7.65
2018,Papua Pegunungan,72.72,49.65,31.29,59.65,52.39,4235.0,10.75,3.47
2018,Papua Selatan,85.51,51.21,36.9,74.8,62.95,8357.0,8.4,7.64
2018,Papua Tengah,70.42,47.82,27.01,65.45,53.79,6410.0,16.65,5.38
2018,Riau,97.26,79.12,63.47,80.06,72.41,10968.0,10.95,8.92
2018,Sulawesi Barat,95.83,69.43,57.58,74.93,68.26,9051.0,20.55,7.5
2018,Sulawesi Selatan,98.03,75.13,60.03,79.45,74.92,10814.0,14.45,8.02
2018,Sulawesi Tengah,92.82,73.2,64.25,76.17,70.95,9488.0,14.95,8.52
2018,Sulawesi Tenggara,97.51,76.64,62.87,78.18,71.84,9262.0,23.65,8.69
2018,Sulawesi Utara,94.93,74.18,62.83,79.15,76.13,10731.0,7.1,9.24
2018,Sumatera Barat,98.66,77.08,67.48,79.95,76.89,10638.0,24.25,8.76
2018,Sumatera Selatan,97.85,76.91,59.87,77.99,73.38,10652.0,3.2,8.0
2018,Sumatera Utara,97.63,79.25,67.27,80.14,73.9,10391.0,8.55,9.34
2019,Aceh,99.12,86.48,70.35,79.85,74.35,9603.0,16.22,9.18
2019,Bali,96.81,86.75,73.01,81.96,78.53,14146.0,10.84,8.84
2019,Banten,97.98,81.93,58.8,80.81,75.62,12267.0,5.04,8.74
2019,Bengkulu,98.66,78.81,65.51,79.34,73.14,10409.0,9.66,8.73
2019,Daerah Istimewa Yogyakarta,99.53,84.04,70.49,85.08,81.32,14394.0,13.06,9.38
2019,Daerah Khusus Jakarta,98.12,81.68,60.24,86.84,84.17,18527.0,0.72,11.06
2019,Gorontalo,98.41,70.28,57.52,74.93,66.81,10075.0,12.56,7.69
2019,Jambi,99.07,79.48,60.92,79.14,71.58,10592.0,7.94,8.45
2019,Jawa Barat,98.27,81.26,57.53,79.33,72.4,11152.0,10.1,8.37
2019,Jawa Tengah,97.77,79.84,59.35,78.32,73.41,11102.0,13.74,7.53
2019,Jawa Timur,98.01,82.84,61.77,79.83,74.47,11739.0,12.9,7.59
2019,Kalimantan Barat,97.09,66.67,51.21,76.3,67.87,9055.0,31.26,7.31
2019,Kalimantan Selatan,98.81,74.84,57.82,79.89,72.68,12253.0,14.42,8.2
2019,Kalimantan Tengah,99.14,77.71,53.82,78.7,71.18,11236.0,24.9,8.51
2019,Kalimantan Timur,98.41,80.42,68.55,83.74,73.7,12359.0,14.68,9.7
2019,Kalimantan Utara,93.15,78.42,64.39,77.77,69.51,9343.0,33.5,8.94
2019,Kepulauan Bangka Belitung,97.73,74.13,58.41,78.57,71.88,12959.0,4.12,7.98
2019,Kepulauan Riau,99.13,85.54,72.97,83.44,79.49,14466.0,11.36,9.99
2019,Lampung,99.24,80.4,59.41,77.52,71.24,10114.0,6.22,7.92
2019,Maluku,96.21,74.68,64.23,77.35,72.63,8887.0,7.68,9.81
2019,Maluku Utara,97.09,76.2,63.95,77.11,70.26,8308.0,10.08,9.0
2019,Nusa Tenggara Barat,98.87,83.92,66.04,77.9,71.6,10640.0,22.36,7.27
2019,Nusa Tenggara Timur,96.16,69.19,53.68,73.52,69.0,7769.0,28.16,7.55
2019,Papua,79.19,57.19,44.32,78.64,71.31,7336.0,4.38,6.65
2019,Papua Barat,93.76,69.92,63.15,75.44,62.52,8125.0,12.58,7.44
2019,Papua Barat Daya,92.39,69.55,51.35,77.1,65.2,7682.0,20.08,7.77
2019,Papua Pegunungan,73.03,50.58,32.51,59.65,52.39,4467.0,8.88,3.59
2019,Papua Selatan,85.82,52.14,38.12,74.8,62.95,8589.0,9.46,7.76
2019,Papua Tengah,70.73,48.75,28.23,65.45,53.79,6642.0,15.26,5.5
2019,Riau,97.32,79.94,63.55,80.06,72.41,11255.0,9.36,9.03
2019,Sulawesi Barat,95.86,69.36,57.64,74.93,68.26,9235.0,21.08,7.73
2019,Sulawesi Selatan,98.06,75.82,60.14,79.45,74.92,11118.0,13.2,8.26
2019,Sulawesi Tengah,93.17,73.82,64.66,76.17,70.95,9604.0,14.22,8.75
2019,Sulawesi Tenggara,97.53,76.95,62.92,78.18,71.84,9436.0,20.98,8.91
2019,Sulawesi Utara,94.97,74.3,62.98,79.15,76.13,11115.0,6.16,9.43
2019,Sumatera Barat,98.67,78.1,68.53,79.95,76.89,10925.0,21.16,8.92
2019,Sumatera Selatan,97.91,77.58,59.92,77.99,73.38,10937.0,2.92,8.18
2019,Sumatera Utara,97.67,80.26,67.53,80.14,73.9,10649.0,7.74,9.45
2020,Aceh,99.03,86.87,70.7,79.85,74.35,9492.0,13.4,9.33
2020,Bali,96.84,87.26,73.29,81.96,78.53,13929.0,9.4,8.95
2020,Banten,97.95,82.73,59.06,80.81,75.62,11964.0,4.9,8.89
2020,Bengkulu,98.65,79.77,65.82,79.34,73.14,10380.0,8.3,8.84
2020,Daerah Istimewa Yogyakarta,99.59,83.98,70.98,85.08,81.32,14015.0,11.9,9.55
2020,Daerah Khusus Jakarta,98.05,82.47,60.42,86.84,84.17,18227.0,0.1,11.13
2020,Gorontalo,98.5,70.68,57.86,74.93,66.81,10020.0,11.0,7.82
2020,Jambi,99.11,79.93,61.38,79.14,71.58,10392.0,7.6,8.55
2020,Jawa Barat,98.37,82.06,57.9,79.33,72.4,10845.0,9.0,8.55
2020,Jawa Tengah,97.9,80.53,59.74,78.32,73.41,10930.0,13.1,7.69
2020,Jawa Timur,97.99,83.53,62.24,79.83,74.47,11601.0,11.5,7.78
2020,Kalimantan Barat,97.36,67.42,51.7,76.3,67.87,8930.0,27.4,7.37
2020,Kalimantan Selatan,98.76,75.51,58.25,79.89,72.68,12032.0,13.1,8.29
2020,Kalimantan Tengah,99.11,78.45,54.08,78.7,71.18,11154.0,22.2,8.59
2020,Kalimantan Timur,98.44,81.28,69.0,83.74,73.7,11728.0,14.5,9.77
2020,Kalimantan Utara,93.46,79.09,64.75,77.77,69.51,8756.0,28.7,9.0
2020,Kepulauan Bangka Belitung,97.73,74.59,58.82,78.57,71.88,12794.0,3.3,8.06
2020,Kepulauan Riau,99.16,86.47,73.45,83.44,79.49,14209.0,9.2,10.12
2020,Lampung,99.16,81.17,59.58,77.52,71.24,9982.0,5.3,8.05
2020,Maluku,96.85,75.15,64.81,77.35,72.63,8732.0,8.3,9.93
2020,Maluku Utara,97.21,76.9,64.25,77.11,70.26,8032.0,9.3,9.04
2020,Nusa Tenggara Barat,98.78,84.98,66.81,77.9,71.6,10351.0,20.2,7.31
2020,Nusa Tenggara Timur,96.09,69.82,54.09,73.52,69.0,7598.0,26.3,7.63
2020,Papua,79.34,57.95,44.73,78.64,71.31,6954.0,4.7,6.69
2020,Papua Barat,93.88,70.51,63.62,75.44,62.52,8086.0,12.0,7.6
2020,Papua Barat Daya,92.69,70.48,52.58,77.1,65.2,7915.0,17.7,7.9
2020,Papua Pegunungan,73.33,51.51,33.74,59.65,52.39,4700.0,5.9,3.72
2020,Papua Selatan,86.12,53.07,39.35,74.8,62.95,8822.0,11.3,7.89
2020,Papua Tengah,71.03,49.68,29.46,65.45,53.79,6875.0,16.6,5.63
2020,Riau,97.73,80.48,64.01,80.06,72.41,10675.0,7.7,9.14
2020,Sulawesi Barat,95.8,69.98,58.05,74.93,68.26,9168.0,22.7,7.89
2020,Sulawesi Selatan,97.98,76.17,60.32,79.45,74.92,11079.0,11.9,8.38
2020,Sulawesi Tengah,93.24,74.42,65.02,76.17,70.95,9335.0,13.7,8.83
2020,Sulawesi Tenggara,97.7,77.64,63.41,78.18,71.84,9331.0,16.7,9.04
2020,Sulawesi Utara,95.13,74.82,63.43,79.15,76.13,10791.0,5.3,9.49
2020,Sumatera Barat,98.8,78.41,68.9,79.95,76.89,10733.0,17.5,8.99
2020,Sumatera Selatan,97.91,77.97,60.45,77.99,73.38,10652.0,2.3,8.24
2020,Sumatera Utara,97.73,80.56,68.0,80.14,73.9,10420.0,6.8,9.54
2021,Aceh,98.95,86.95,70.8,79.85,74.35,9572.0,12.1,9.37
2021,Bali,97.2,87.11,74.82,81.96,78.53,13820.0,5.0,9.06
2021,Banten,98.15,84.28,59.69,80.81,75.62,12033.0,6.7,8.93
2021,Bengkulu,98.61,80.25,66.08,79.34,73.14,10487.0,6.3,8.87
2021,Daerah Istimewa Yogyakarta,99.44,83.62,71.42,85.08,81.32,14111.0,10.6,9.64
2021,Daerah Khusus Jakarta,98.22,83.01,60.53,86.84,84.17,18520.0,3.2,11.17
2021,Gorontalo,98.65,71.15,58.21,74.93,66.81,10157.0,8.5,7.9
2021,Jambi,99.41,79.88,61.56,79.14,71.58,10588.0,3.0,8.6
2021,Jawa Barat,98.37,82.88,58.58,79.33,72.4,10934.0,8.3,8.61
2021,Jawa Tengah,98.22,80.99,60.46,78.32,73.41,11034.0,9.0,7.75
2021,Jawa Timur,97.9,83.8,62.63,79.83,74.47,11707.0,10.7,7.88
2021,Kalimantan Barat,97.42,68.11,51.77,76.3,67.87,8974.0,21.0,7.45
2021,Kalimantan Selatan,98.94,75.88,58.37,79.89,72.68,12143.0,10.4,8.34
2021,Kalimantan Tengah,99.01,78.8,54.25,78.7,71.18,11182.0,10.8,8.64
2021,Kalimantan Timur,98.36,81.3,69.29,83.74,73.7,12116.0,11.8,9.84
2021,Kalimantan Utara,93.38,79.21,65.37,77.77,69.51,9075.0,18.5,9.11
2021,Kepulauan Bangka Belitung,97.89,74.6,58.79,78.57,71.88,12819.0,5.9,8.08
2021,Kepulauan Riau,99.26,86.6,73.36,83.44,79.49,14122.0,7.6,10.18
2021,Lampung,99.1,82.03,60.31,77.52,71.24,10038.0,6.1,8.08
2021,Maluku,96.92,75.53,64.71,77.35,72.63,8770.0,6.8,10.03
2021,Maluku Utara,97.2,77.03,64.11,77.11,70.26,8140.0,13.0,9.09
2021,Nusa Tenggara Barat,98.81,85.28,67.09,77.9,71.6,10377.0,21.7,7.38
2021,Nusa Tenggara Timur,96.04,69.99,54.29,73.52,69.0,7554.0,22.6,7.69
2021,Papua,80.38,57.93,44.41,78.64,71.31,6955.0,11.4,6.76
2021,Papua Barat,94.09,70.52,63.51,75.44,62.52,7929.0,12.8,7.69
2021,Papua Barat Daya,93.0,71.41,53.81,77.1,65.2,8147.0,13.8,8.02
2021,Papua Pegunungan,73.64,52.44,34.97,59.65,52.39,4932.0,7.5,3.84
2021,Papua Selatan,86.43,54.0,40.58,74.8,62.95,9054.0,13.1,8.01
2021,Papua Tengah,71.34,50.61,30.69,65.45,53.79,7107.0,6.6,5.75
2021,Riau,97.85,80.52,64.0,80.06,72.41,10736.0,6.0,9.19
2021,Sulawesi Barat,95.68,70.03,59.77,74.93,68.26,9153.0,19.3,7.96
2021,Sulawesi Selatan,98.26,77.02,60.35,79.45,74.92,11184.0,10.4,8.46
2021,Sulawesi Tengah,93.33,74.99,65.44,76.17,70.95,9378.0,13.2,8.89
2021,Sulawesi Tenggara,98.15,77.86,63.7,78.18,71.84,9381.0,18.5,9.13
2021,Sulawesi Utara,95.39,74.94,63.33,79.15,76.13,10882.0,3.0,9.62
2021,Sumatera Barat,98.82,78.75,68.99,79.95,76.89,10790.0,15.1,9.07
2021,Sumatera Selatan,98.0,78.31,60.53,77.99,73.38,10662.0,4.4,8.3
2021,Sumatera Utara,97.69,81.13,67.99,80.14,73.9,10499.0,6.7,9.58
2022,Aceh,99.07,88.21,71.16,79.85,74.35,9963.0,8.0,9.44
2022,Bali,97.46,86.88,74.73,81.96,78.53,13942.0,4.5,9.39
2022,Banten,97.93,84.67,59.54,80.81,75.62,12216.0,6.8,9.13
2022,Bengkulu,98.6,80.25,66.61,79.34,73.14,10840.0,4.8,8.91
2022,Daerah Istimewa Yogyakarta,99.43,85.28,74.5,85.08,81.32,14482.0,9.2,9.75
2022,Daerah Khusus Jakarta,98.37,84.22,60.88,86.84,84.17,18927.0,1.2,11.31
2022,Gorontalo,98.74,71.66,58.47,74.93,66.81,10687.0,7.5,8.02
2022,Jambi,99.33,79.93,60.73,79.14,71.58,10871.0,4.1,8.68
2022,Jawa Barat,98.29,82.8,58.6,79.33,72.4,11277.0,6.9,8.78
2022,Jawa Tengah,98.39,81.02,61.17,78.32,73.41,11377.0,9.4,7.93
2022,Jawa Timur,98.09,83.8,62.1,79.83,74.47,11992.0,9.5,8.03
2022,Kalimantan Barat,97.52,68.32,51.87,76.3,67.87,9355.0,16.3,7.59
2022,Kalimantan Selatan,99.12,76.28,59.61,79.89,72.68,12469.0,9.3,8.46
2022,Kalimantan Tengah,99.11,78.75,55.69,78.7,71.18,11458.0,10.1,8.65
2022,Kalimantan Timur,98.45,82.65,69.1,83.74,73.7,12641.0,13.5,9.92
2022,Kalimantan Utara,93.69,79.38,65.65,77.77,69.51,9350.0,16.4,9.27
2022,Kepulauan Bangka Belitung,98.01,74.68,59.65,78.57,71.88,13358.0,3.9,8.11
2022,Kepulauan Riau,99.2,86.76,73.54,83.44,79.49,14469.0,4.9,10.37
2022,Lampung,99.29,82.07,61.96,77.52,71.24,10336.0,4.5,8.18
2022,Maluku,96.9,78.37,64.57,77.35,72.63,8876.0,9.9,10.19
2022,Maluku Utara,97.27,77.41,65.35,77.11,70.26,8398.0,12.3,9.24
2022,Nusa Tenggara Barat,98.83,86.05,67.61,77.9,71.6,10681.0,18.5,7.61
2022,Nusa Tenggara Timur,96.08,70.05,56.0,73.52,69.0,7877.0,22.4,7.7
2022,Papua,81.66,59.14,47.63,78.64,71.31,7146.0,9.1,7.02
2022,Papua Barat,94.31,71.38,63.66,75.44,62.52,8101.0,11.9,7.84
2022,Papua Barat Daya,93.3,72.34,55.03,77.1,65.2,8379.0,13.2,8.14
2022,Papua Pegunungan,73.94,53.37,36.19,59.65,52.39,5164.0,2.3,3.96
2022,Papua Selatan,86.73,54.93,41.8,74.8,62.95,9286.0,16.5,8.13
2022,Papua Tengah,71.64,51.54,31.91,65.45,53.79,7339.0,13.4,5.87
2022,Riau,97.8,80.43,63.87,80.06,72.41,11158.0,4.2,9.22
2022,Sulawesi Barat,95.81,70.34,60.24,74.93,68.26,9358.0,23.1,8.08
2022,Sulawesi Selatan,98.41,77.42,60.44,79.45,74.92,11430.0,9.0,8.63
2022,Sulawesi Tengah,93.25,75.63,65.72,76.17,70.95,9696.0,13.1,8.89
2022,Sulawesi Tenggara,98.27,77.77,64.11,78.18,71.84,9708.0,11.0,9.25
2022,Sulawesi Utara,95.44,76.11,63.3,79.15,76.13,11179.0,2.3,9.68
2022,Sumatera Barat,98.8,78.86,68.38,79.95,76.89,11130.0,10.3,9.18
2022,Sumatera Selatan,98.08,78.68,61.0,77.99,73.38,11109.0,3.1,8.37
2022,Sumatera Utara,98.0,81.84,68.27,80.14,73.9,10848.0,5.5,9.71
2023,Aceh,98.97,84.85,71.7,79.85,74.35,10334.0,7.5,9.55
2023,Bali,97.77,84.78,75.6,81.96,78.53,14382.0,3.2,9.45
2023,Banten,97.97,85.43,60.42,80.81,75.62,12601.0,4.0,9.15
2023,Bengkulu,98.61,81.08,67.09,79.34,73.14,11172.0,4.5,9.03
2023,Daerah Istimewa Yogyakarta,99.36,85.62,76.37,85.08,81.32,14924.0,8.9,9.83
2023,Daerah Khusus Jakarta,98.44,84.95,60.81,86.84,84.17,19373.0,1.0,11.45
2023,Gorontalo,98.69,73.55,60.18,74.93,66.81,11069.0,5.2,8.1
2023,Jambi,99.33,80.23,60.6,79.14,71.58,11160.0,3.7,8.81
2023,Jawa Barat,98.2,83.61,59.01,79.33,72.4,11695.0,6.3,8.83
2023,Jawa Tengah,98.46,81.56,61.46,78.32,73.41,11835.0,9.1,8.01
2023,Jawa Timur,98.04,83.91,62.59,79.83,74.47,12421.0,6.9,8.11
2023,Kalimantan Barat,97.7,70.85,54.76,76.3,67.87,9810.0,17.5,7.71
2023,Kalimantan Selatan,99.14,77.44,59.83,79.89,72.68,12953.0,8.7,8.55
2023,Kalimantan Tengah,99.05,79.07,55.63,78.7,71.18,11878.0,10.1,8.73
2023,Kalimantan Timur,98.53,83.36,69.89,83.74,73.7,13202.0,10.2,9.99
2023,Kalimantan Utara,94.73,80.53,66.7,77.77,69.51,9734.0,8.9,9.34
2023,Kepulauan Bangka Belitung,98.11,77.0,60.72,78.57,71.88,13589.0,3.2,8.25
2023,Kepulauan Riau,99.29,86.78,74.11,83.44,79.49,14998.0,3.8,10.41
2023,Lampung,99.22,80.64,62.84,77.52,71.24,10769.0,3.9,8.29
2023,Maluku,97.27,78.58,66.16,77.35,72.63,9278.0,5.2,10.2
2023,Maluku Utara,97.36,78.53,65.75,77.11,70.26,8834.0,6.8,9.26
2023,Nusa Tenggara Barat,98.76,84.03,68.04,77.9,71.6,11095.0,15.8,7.74
2023,Nusa Tenggara Timur,95.98,73.47,58.15,73.52,69.0,8248.0,17.4,7.82
2023,Papua,80.67,60.23,48.32,78.64,71.31,7562.0,10.9,7.15
2023,Papua Barat,94.52,74.7,65.92,75.44,62.52,8404.0,10.9,7.93
2023,Papua Barat Daya,93.6,73.27,56.26,77.1,65.2,8611.0,7.0,8.27
2023,Papua Pegunungan,74.24,54.3,37.42,59.65,52.39,5396.0,1.4,4.09
2023,Papua Selatan,87.03,55.86,43.03,74.8,62.95,9518.0,13.7,8.26
2023,Papua Tengah,71.94,52.47,33.14,65.45,53.79,7571.0,9.7,6.0
2023,Riau,98.13,80.76,64.81,80.06,72.41,11448.0,3.0,9.32
2023,Sulawesi Barat,95.92,72.39,61.17,74.93,68.26,9718.0,23.2,8.13
2023,Sulawesi Selatan,98.41,77.98,60.57,79.45,74.92,11841.0,8.2,8.76
2023,Sulawesi Tengah,93.31,76.8,66.18,76.17,70.95,10149.0,11.3,8.96
2023,Sulawesi Tenggara,98.48,76.54,64.0,78.18,71.84,10117.0,10.3,9.31
2023,Sulawesi Utara,95.68,76.56,63.86,79.15,76.13,11497.0,2.4,9.77
2023,Sumatera Barat,98.89,80.22,69.18,79.95,76.89,11380.0,8.8,9.28
2023,Sumatera Selatan,98.12,79.12,61.24,77.99,73.38,11472.0,1.8,8.5
2023,Sumatera Utara,97.95,82.09,68.67,80.14,73.9,11049.0,4.5,9.82
2024,Aceh,97.96,84.22,70.94,79.85,74.35,10811.0,5.32,9.64
2024,Bali,98.7,86.3,74.19,81.96,78.53,14920.0,1.29,9.54
2024,Banten,98.09,83.68,63.5,80.81,75.62,13097.0,3.74,9.23
2024,Bengkulu,98.33,82.36,69.14,79.34,73.14,11733.0,3.21,9.04
2024,Daerah Istimewa Yogyakarta,99.43,90.14,77.86,85.08,81.32,15361.0,7.86,9.92
2024,Daerah Khusus Jakarta,98.39,88.67,64.85,86.84,84.17,19953.0,1.07,11.49
2024,Gorontalo,98.2,72.51,61.23,74.93,66.81,11539.0,3.36,8.29
2024,Jambi,98.17,79.65,62.48,79.14,71.58,11621.0,2.64,8.9
2024,Jawa Barat,98.53,84.61,60.68,79.33,72.4,12157.0,5.35,8.87
2024,Jawa Tengah,98.39,81.03,62.56,78.32,73.41,12276.0,7.94,8.02
2024,Jawa Timur,98.81,84.52,64.77,79.83,74.47,12852.0,5.4,8.28
2024,Kalimantan Barat,98.6,72.9,57.18,76.3,67.87,10321.0,14.06,7.78
2024,Kalimantan Selatan,98.68,78.14,60.26,79.89,72.68,13399.0,7.27,8.62
2024,Kalimantan Tengah,98.35,80.49,58.05,78.7,71.18,12303.0,6.4,8.81
2024,Kalimantan Timur,98.59,83.7,72.37,83.74,73.7,13793.0,9.08,10.02
2024,Kalimantan Utara,95.18,81.61,67.9,77.77,69.51,10197.0,2.75,9.35
2024,Kepulauan Bangka Belitung,98.29,77.59,61.71,78.57,71.88,13667.0,2.97,8.33
2024,Kepulauan Riau,98.71,87.1,77.54,83.44,79.49,15573.0,1.91,10.5
2024,Lampung,98.33,81.4,64.54,77.52,71.24,11258.0,3.32,8.36
2024,Maluku,97.27,79.72,69.61,77.35,72.63,9684.0,4.58,10.26
2024,Maluku Utara,96.41,79.34,68.02,77.11,70.26,9320.0,5.98,9.37
2024,Nusa Tenggara Barat,98.57,83.55,71.09,77.9,71.6,11606.0,14.16,7.87
2024,Nusa Tenggara Timur,97.01,73.72,60.73,73.52,69.0,8534.0,14.71,8.02
2024,Papua,92.52,75.41,61.33,78.64,71.31,11037.0,12.53,9.82
2024,Papua Barat,95.15,72.1,61.18,75.44,62.52,8805.0,10.48,7.86
2024,Papua Barat Daya,95.39,72.31,68.52,77.1,65.2,8733.0,3.73,8.39
2024,Papua Pegunungan,75.4,58.83,45.6,59.65,52.39,5707.0,0.0,4.21
2024,Papua Selatan,85.86,52.03,44.79,74.8,62.95,9756.0,14.76,8.38
2024,Papua Tengah,69.03,57.49,36.84,65.45,53.79,7809.0,8.31,6.12
2024,Riau,98.45,81.14,68.04,80.06,72.41,11857.0,1.41,9.43
2024,Sulawesi Barat,96.82,71.77,62.1,74.93,68.26,10208.0,23.73,8.15
2024,Sulawesi Selatan,97.81,76.84,62.71,79.45,74.92,12275.0,6.95,8.86
2024,Sulawesi Tengah,94.84,77.55,65.62,76.17,70.95,10536.0,10.57,9.04
2024,Sulawesi Tenggara,97.33,77.12,66.66,78.18,71.84,10606.0,7.63,9.42
2024,Sulawesi Utara,95.87,77.27,65.47,79.15,76.13,11998.0,1.46,9.84
2024,Sumatera Barat,98.89,82.94,72.5,79.95,76.89,11718.0,5.71,9.44
2024,Sumatera Selatan,97.53,77.58,62.7,77.99,73.38,12015.0,1.52,8.57
2024,Sumatera Utara,97.68,82.15,69.72,80.14,73.9,11460.0,3.69,9.93
2025,Aceh,96.32,81.37,70.36,79.85,74.35,11191.0,3.14,9.74
2025,Bali,97.05,84.81,76.06,81.96,78.53,15383.0,0.0,9.67
2025,Banten,97.09,81.28,65.28,80.81,75.62,13498.0,3.48,9.33
2025,Bengkulu,96.12,78.83,69.32,79.34,73.14,12197.0,1.92,9.13
2025,Daerah Istimewa Yogyakarta,98.77,88.67,78.42,85.08,81.32,15855.0,6.82,10.03
2025,Daerah Khusus Jakarta,98.47,87.55,69.9,86.84,84.17,20676.0,1.14,11.58
2025,Gorontalo,95.75,72.95,64.63,74.93,66.81,11937.0,1.52,8.4
2025,Jambi,97.02,78.47,63.05,79.14,71.58,12018.0,1.58,9.01
2025,Jawa Barat,98.02,83.84,67.33,79.33,72.4,12447.0,4.4,8.99
2025,Jawa Tengah,97.21,80.29,67.81,78.32,73.41,12746.0,6.78,8.13
2025,Jawa Timur,98.22,84.49,70.64,79.83,74.47,13509.0,3.9,8.39
2025,Kalimantan Barat,95.65,72.48,57.6,76.3,67.87,10689.0,10.62,7.88
2025,Kalimantan Selatan,97.79,78.54,59.77,79.89,72.68,13757.0,5.84,8.72
2025,Kalimantan Tengah,97.55,78.91,63.31,78.7,71.18,12612.0,2.7,8.9
2025,Kalimantan Timur,97.68,82.01,73.96,83.74,73.7,14254.0,7.96,10.13
2025,Kalimantan Utara,97.05,81.49,73.13,77.77,69.51,10568.0,0.0,9.47
2025,Kepulauan Bangka Belitung,97.0,74.06,65.94,78.57,71.88,13837.0,2.74,8.42
2025,Kepulauan Riau,98.2,83.55,76.54,83.44,79.49,15881.0,0.02,10.58
2025,Lampung,97.64,78.47,67.22,77.52,71.24,11683.0,2.74,8.45
2025,Maluku,95.29,77.02,66.29,77.35,72.63,9900.0,3.96,10.39
2025,Maluku Utara,95.9,78.65,62.32,77.11,70.26,9613.0,5.16,9.48
2025,Nusa Tenggara Barat,97.62,82.54,70.43,77.9,71.6,11922.0,12.52,8.01
2025,Nusa Tenggara Timur,95.45,77.28,62.88,73.52,69.0,8735.0,12.02,8.13
2025,Papua,91.81,77.95,56.13,78.64,71.31,11342.0,14.16,10.01
2025,Papua Barat,94.0,72.24,57.63,75.44,62.52,9115.0,10.06,7.95
2025,Papua Barat Daya,94.21,75.13,58.71,77.1,65.2,9076.0,0.46,8.51
2025,Papua Pegunungan,74.85,56.16,39.87,59.65,52.39,5861.0,0.0,4.33
2025,Papua Selatan,87.64,57.72,45.48,74.8,62.95,9983.0,15.82,8.5
2025,Papua Tengah,72.55,54.33,35.59,65.45,53.79,8036.0,6.92,6.24
2025,Riau,97.54,81.4,65.22,80.06,72.41,12233.0,0.0,9.52
2025,Sulawesi Barat,95.99,75.49,60.89,74.93,68.26,10516.0,24.26,8.28
2025,Sulawesi Selatan,96.46,78.45,68.1,79.45,74.92,12773.0,5.7,8.98
2025,Sulawesi Tengah,94.67,78.28,68.68,76.17,70.95,10934.0,9.84,9.16
2025,Sulawesi Tenggara,95.89,74.78,63.31,78.18,71.84,10992.0,4.96,9.56
2025,Sulawesi Utara,96.0,75.05,61.26,79.15,76.13,12450.0,0.52,9.93
2025,Sumatera Barat,97.06,82.7,71.57,79.95,76.89,12041.0,2.62,9.54
2025,Sumatera Selatan,95.98,74.27,63.08,77.99,73.38,12416.0,1.24,8.66
2025,Sumatera Utara,95.99,77.41,70.4,80.14,73.9,11898.0,2.88,10.03
