Provinsi/Kabupaten/Kota/Indonesia,,,,,,,,,,
,,,,,,,,,,
,2016,2017,2018,2019,2020,2021,2022,2023,2024,2025
ACEH,8768,8957,9186,9603,9492,9572,9963,10334,10811,11191
Simeulue,6542,6677,6824,7210,7085,7148,7371,7686,8106,8555
Aceh Singkil,8068,8230,8506,8715,8707,8776,8994,9374,9862,10227
Aceh Selatan,7397,7567,7891,8187,8089,8180,8353,8712,9190,9573
Aceh Tenggara,7212,7359,7685,8067,8020,8030,8222,8566,8876,9097
Aceh Timur,7825,7961,8252,8600,8489,8577,9127,9436,9889,10284
Aceh Tengah,9920,10021,10394,10782,10673,10780,10957,11323,11805,12175
Aceh Barat,8559,8989,9134,9692,9516,9593,9775,10085,10548,10937
Aceh Besar,8788,8965,9192,9661,9641,9644,9894,10309,10810,11072
Pidie,9273,9377,9492,9824,9816,9860,10211,10584,11187,11607
Bireuen,7885,8237,8378,8889,8857,8867,9438,9758,10150,10418
Aceh Utara,7520,7632,7919,8189,8122,8201,8620,8970,9374,9813
Aceh Barat Daya,7567,7723,8093,8491,8316,8428,8651,9043,9559,9922
Gayo Lues,8048,8322,8529,8845,8791,8856,9094,9407,9967,10237
Aceh Tamiang,7766,7931,8032,8362,8327,8367,8759,9050,9529,9959
Nagan Raya,7460,7732,7936,8348,8216,8292,8581,9062,9523,9759
Aceh Jaya,8796,8898,9262,9682,9615,9666,10041,10461,11007,11324
Bener Meriah,10140,10428,10626,11124,11098,11118,11421,11855,12360,12657
Pidie Jaya,9590,9691,9967,10364,10071,10290,10701,11005,11274,11543
Kota Banda Aceh,15737,15917,16234,16892,16778,16891,17228,17521,18100,18356
Kota Sabang,10507,10610,10899,11444,11273,11378,11780,12137,12625,13040
Kota Langsa,11015,11261,11497,12099,12057,12067,12353,12678,13133,13510
Kota Lhokseumawe,10549,10673,10863,11421,11367,11390,11701,12125,12694,13071
Kota Subulussalam,6669,6887,7039,7463,7317,7385,7689,8065,8491,8910
SUMATERA UTARA,9744,10036,10391,10649,10420,10499,10848,11049,11460,11898
Nias,6409,6629,6941,7042,6898,6995,7196,7301,7698,8115
Mandailing Natal,9237,9385,9653,9900,9684,9771,10061,10251,10644,11100
Tapanuli Selatan,10821,10955,11209,11410,11236,11304,11727,11829,12213,12557
Tapanuli Tengah,9694,9852,10067,10175,10071,10138,10495,10690,11128,11687
Tapanuli Utara,11242,11407,11607,11791,11648,11710,11892,12115,12382,12643
Toba Samosir / Toba,11687,11846,12095,12375,12154,12224,12475,12676,12960,13333
Labuhan Batu,10559,10760,11053,11193,11150,11212,11474,11670,12102,12537
Asahan,10288,10477,10735,10983,10890,11030,11515,11795,12301,12760
Simalungun,10855,11055,11311,11422,11308,11376,11524,11746,12119,12585
Dairi,10190,10395,10492,10602,10350,10504,10740,10969,11355,11794
Karo,11925,12059,12367,12474,12349,12412,12554,12779,13278,13583
Deli Serdang,11683,11891,12132,12317,12225,12291,12657,12890,13279,13697
Langkat,10567,10784,11088,11208,11071,11142,11439,11632,12080,12452
Nias Selatan,6647,6792,6941,7105,6974,7041,7195,7299,7730,8082
Humbang Hasundutan,7135,7412,7630,7902,7850,8016,8250,8476,8844,9097
Pakpak Bharat,7641,7913,8099,8402,8170,8254,8558,8764,9158,9462
Samosir,7813,8163,8348,8654,8422,8504,8991,9158,9634,10057
Serdang Bedagai,10246,10551,10737,11061,10950,11017,11499,11695,12015,12429
Batu Bara,9886,10084,10385,10575,10410,10539,10755,10933,11373,11747
Padang Lawas Utara,9600,9737,9912,10194,9987,10055,10447,10615,10925,11371
Padang Lawas,8094,8445,8772,9100,8807,8921,9207,9395,9821,10258
Labuhan Batu Selatan,10712,10892,11280,11553,11495,11562,11751,11950,12353,12797
Labuhan Batu Utara,11278,11510,11730,11957,11779,11840,12258,12429,12839,13347
Nias Utara,5770,5835,6041,6245,6064,6155,6575,6788,7189,7606
Nias Barat,5391,5594,5817,6009,5830,5924,6152,6382,6740,7032
Kota Sibolga,11034,11221,11405,11656,11473,11540,12135,12285,12713,13317
Kota Tanjung Balai,10577,10778,11102,11383,11132,11225,11589,11753,12264,12726
Kota Pematang Siantar,11878,12106,12290,12571,12372,12436,12744,12984,13349,13783
Kota Tebing Tinggi,11747,12055,12434,12895,12876,12939,13144,13385,13900,14499
Kota Medan,14393,14613,14845,15033,14890,14999,15503,15674,16069,16489
Kota Binjai,10342,10487,10750,11260,10997,11063,11358,11567,12015,12409
Kota Padangsidimpuan,10198,10464,10795,11181,10856,10965,11337,11552,11964,12274
Kota Gunungsitoli,6963,7300,7639,8058,7980,8134,8434,8635,9056,9477
SUMATERA BARAT,10126,10306,10638,10925,10733,10790,11130,11380,11718,12041
Kepulauan Mentawai,5771,6010,6211,6429,6281,6321,6567,6891,7192,7451
Pesisir Selatan,8605,8819,9089,9444,9212,9270,9686,9953,10211,10633
Solok,9664,9743,10035,10309,10171,10215,10539,10717,10988,11318
Sijunjung,9895,10093,10277,10395,10361,10389,10582,11018,11395,11829
Tanah Datar,10296,10311,10417,10709,10588,10616,10695,10905,11223,11552
Padang Pariaman,10455,10579,10919,11158,10998,11050,11159,11432,11756,12089
Agam,9111,9388,9489,9780,9651,9662,10171,10402,10686,11034
Lima Puluh Kota,8936,9151,9500,9842,9596,9668,10035,10285,10648,10917
Pasaman,7678,7882,8238,8599,8425,8440,8619,8908,9194,9418
Solok Selatan,9802,9891,10199,10505,10325,10367,10560,10884,11240,11542
Dharmasraya,10781,10851,11189,11431,11273,11324,11650,11901,12254,12604
Pasaman Barat,8393,8704,8979,9180,9047,9089,9381,9538,9888,10231
Kota Padang,13721,13957,14312,14728,14481,14540,14889,15089,15458,15957
Kota Solok,11519,11673,11968,12337,12117,12168,12515,12709,12995,13504
Kota Sawah Lunto,9051,9343,9765,10238,10182,10195,10537,10829,11187,11501
Kota Padang Panjang,9804,10240,10440,11013,10734,10754,11153,11310,11840,12148
Kota Bukittinggi,12475,12816,13035,13586,13282,13331,13633,13859,14297,14579
Kota Payakumbuh,12705,12858,13114,13464,13281,13317,13687,13978,14260,14536
Kota Pariaman,12141,12425,12611,12958,12796,12818,13150,13355,13784,14261
RIAU,10465,10677,10968,11255,10675,10736,11158,11448,11857,12233
Kuantan Singingi,9892,10274,10476,10820,10243,10309,10647,10945,11182,11400
Indragiri Hulu,10068,10223,10481,10738,10202,10260,10472,10957,11333,11495
Indragiri Hilir,9911,10041,10254,10382,9954,9945,10234,10659,11050,11248
Pelalawan,11641,11725,11894,12149,11606,11672,12163,12399,12575,13052
Siak,11826,11898,12119,12347,11799,11807,12230,12637,13080,13546
Kampar,10765,10912,11128,11232,10796,10858,11394,11662,12034,12200
Rokan Hulu,9065,9303,9608,9979,9374,9406,9841,10055,10586,10769
Bengkalis,11325,11530,11640,11753,11331,11415,11857,12153,12321,12521
Rokan Hilir,9181,9250,9316,9672,9362,9417,9906,10097,10447,10895
Kepulauan Meranti,7194,7673,7978,8358,7790,7780,8246,8613,8988,9380
Kota Pekanbaru,14225,14497,14778,15206,14433,14360,14804,14983,15212,15610
Kota Dumai,11531,11699,12063,12453,11751,11818,12249,12457,12847,13369
JAMBI,9795,9880,10357,10592,10392,10588,10871,11160,11621,12018
Kerinci,9374,9501,9951,10198,9995,10184,10570,10965,11441,11650
Merangin,9644,9753,10133,10312,10279,10380,10714,10969,11425,11847
Sarolangun,11349,11478,11609,11679,11616,11792,12069,12392,12679,13030
Batang Hari,9512,9573,9833,10038,9825,10032,10173,10528,10872,11219
Muaro Jambi,7990,8145,8456,8697,8556,8825,9118,9525,10007,10579
Tanjung Jabung Timur,8136,8403,8904,9192,9026,9163,9503,9898,10328,10626
Tanjung Jabung Barat,8872,9004,9395,9539,9480,9699,9968,10229,10696,11266
Tebo,9745,9832,10273,10555,10389,10546,10725,10894,11415,11791
Bungo,10937,11016,11352,11662,11471,11670,11956,12224,12820,13182
Kota Jambi,11436,11648,11912,12205,12056,12240,12597,12783,13388,13706
Kota Sungai Penuh,9604,9707,10186,10510,10248,10454,10745,11027,11499,11994
SUMATERA SELATAN,9935,10220,10652,10937,10652,10662,11109,11472,12015,12416
Ogan Komering Ulu,8993,9340,9940,10261,10020,10040,10499,10859,11339,11700
Ogan Komering Ilir,10039,10306,10706,11032,10725,10755,11251,11736,12305,12547
Muara Enim,9766,10575,11012,11285,10951,10995,11304,11683,12291,12646
Lahat,9037,9157,9600,10071,9730,9735,10296,10811,11255,11620
Musi Rawas,9140,9218,9562,9795,9520,9550,10107,10429,11058,11407
Musi Banyuasin,9452,9705,10212,10364,10088,10140,10453,10862,11424,11790
Banyu Asin,8899,9328,9760,10135,9850,9860,10299,10731,11277,11638
Ogan Komering Ulu Selatan,7902,7997,8445,8830,8580,8585,8895,9176,9680,10010
Ogan Komering Ulu Timur,11024,11169,11612,11753,11505,11531,11759,12046,12623,13154
Ogan Ilir,9846,9972,10412,10777,10424,10454,11069,11456,12093,12445
Empat Lawang,8944,9010,9450,9594,9350,9400,9838,10375,10889,11315
Penukal Abab Lematang Ilir,7491,7834,8136,8400,8196,8210,8680,9139,9604,9965
Musi Rawas Utara,9272,9348,9795,10223,9783,9855,10283,10631,11198,11460
Kota Palembang,13981,14277,14697,15087,14679,14704,15168,15592,16150,16725
Kota Prabumulih,12162,12355,12765,13072,12723,12752,13106,13494,13982,14342
Kota Pagar Alam,7989,8352,8758,9291,8795,8877,9330,9683,10245,10610
Kota Lubuklinggau,12798,12878,13288,13586,13243,13267,13832,14211,14672,15090
BENGKULU,9492,9778,10162,10409,10380,10487,10840,11172,11733,12197
Bengkulu Selatan,9044,9202,9592,9813,9837,9916,10318,10657,11040,11518
Rejang Lebong,9520,9660,10045,10162,10234,10323,10547,10848,11385,11824
Bengkulu Utara,9566,9698,10098,10336,10263,10410,10774,11188,11715,12045
Kaur,7842,7914,8284,8594,8593,8638,9009,9365,9742,10180
Seluma,7335,7584,7844,8209,8220,8256,8657,8949,9474,9919
Mukomuko,9482,9770,10036,10381,10266,10405,10747,11075,11665,12055
Lebong,10682,10810,11071,11177,11124,11317,11644,12012,12362,12776
Kepahiang,8701,8866,9135,9243,9273,9377,9708,10044,10620,11010
Bengkulu Tengah,8425,8701,9102,9435,9392,9471,9697,10114,10672,10973
Kota Bengkulu,12698,13164,13633,14030,13938,14108,14503,14924,15542,15971
LAMPUNG,9156,9413,9858,10114,9982,10038,10336,10769,11258,11683
Lampung Barat,9106,9517,9741,9970,9929,9969,10175,10593,10965,11612
Tanggamus,8483,8661,9107,9294,9250,9266,9557,10038,10524,10888
Lampung Selatan,9189,9310,9781,9978,9875,9931,10266,10617,11133,11540
Lampung Timur,9416,9453,9908,10028,9983,10026,10403,10812,11262,11670
Lampung Tengah,10674,10820,11052,11154,11219,11259,11710,12195,12595,12975
Lampung Utara,8212,8369,8559,8779,8733,8737,8951,9374,9837,10160
Way Kanan,8411,8522,8979,9292,9102,9173,9450,9887,10439,10831
Tulangbawang,10034,10098,10553,10797,10683,10735,11114,11552,12122,12513
Pesawaran,7055,7449,7724,8059,7892,7934,8192,8633,9190,9638
Pringsewu,9533,9731,10190,10289,10262,10302,10577,11016,11543,11950
Mesuji,7099,7319,7774,8144,7894,7980,8466,8947,9454,9843
Tulang Bawang Barat,7450,7747,8205,8532,8395,8422,8737,9162,9646,10032
Pesisir Barat,7616,7890,8355,8652,8457,8533,8663,9102,9550,9879
Kota Bandar Lampung,11266,11699,11952,12255,12197,12247,12593,13092,13667,14270
Kota Metro,11007,11397,11636,12017,11906,11916,12233,12618,13092,13380
KEP. BANGKA BELITUNG,11960,12066,12666,12959,12794,12819,13358,13589,13667,13837
Bangka,11279,11420,12043,12480,12416,12424,12863,13146,13205,13411
Belitung,12865,12910,13281,13662,13554,13563,14045,14365,14449,14559
Bangka Barat,11303,11394,12011,12275,12233,12269,12790,13105,13199,13380
Bangka Tengah,12248,12330,12836,13070,12909,12945,13422,13643,13677,13768
Bangka Selatan,10932,10999,11573,11910,11757,11768,12341,12627,12718,12920
Belitung Timur,10729,10894,11302,11831,11730,11760,12357,12536,12610,12694
Kota Pangkal Pinang,14807,14923,15560,15883,15663,15716,16307,16734,16750,16856
KEPULAUAN RIAU,13359,13566,13976,14466,14209,14122,14469,14998,15573,15881
Karimun,11468,11713,11945,12136,11885,11879,12304,12756,13287,13649
Bintan,13667,13828,14256,14730,14482,14393,14739,14882,15078,15303
Natuna,13834,13970,14217,14821,14705,14711,14834,15409,15560,15683
Lingga,11280,11421,11499,12091,11998,11938,12134,12485,12906,13108
Kepulauan Anambas,11320,11654,11894,12065,11875,11950,12137,12495,12983,13141
Kota Batam,16889,17131,17560,18146,18095,18034,18506,18990,19668,19944
Kota Tanjung Pinang,14645,14881,15292,15838,15498,15439,15864,16213,16663,16838
DKI JAKARTA,17468,17707,18128,18527,18227,18520,18927,19373,19953,20676
Kep. Seribu,11608,11833,12264,12623,12412,12587,12999,13523,14110,14691
Kota Jakarta Selatan,22932,23098,23363,23851,23575,23888,24221,24975,25573,26387
Kota Jakarta Timur,16733,17007,17339,17662,17438,17733,18199,18712,19193,19824
Kota Jakarta Pusat,16493,16719,16994,17285,17179,17365,17765,18202,18661,19309
Kota Jakarta Barat,19501,19695,20298,20875,20468,20801,21357,21709,22119,22831
Kota Jakarta Utara,17418,17763,18121,18566,18437,18762,19201,19617,20032,20584
JAWA BARAT,10035,10285,10790,11152,10845,10934,11277,11695,12157,12447
Bogor,9537,9901,10323,10683,10317,10410,10860,11153,11563,11933
Sukabumi,8077,8263,8618,8973,8823,8850,9210,9482,9815,10244
Cianjur,7074,7300,7874,8290,7980,8052,8244,8626,9026,9173
Bandung,9580,9854,10203,10502,10201,10307,10588,11018,11392,11619
Garut,7079,7270,7597,8099,7876,7961,8227,8685,9168,9479
Tasikmalaya,7081,7250,7761,8092,7852,7829,8177,8562,8965,9258
Ciamis,8432,8658,9190,9557,9288,9259,9428,9750,10085,10406
Kuningan,8580,8736,9297,9673,9459,9409,9620,10011,10418,10707
Cirebon,9463,9650,10212,10670,10342,10368,10791,11128,11529,11769
Majalengka,8594,8833,9416,9822,9521,9591,9950,10340,10842,11094
Sumedang,9339,9569,10153,10406,10217,10262,10776,11136,11589,11963
Indramayu,8866,9014,9633,10090,9859,9810,10166,10580,11010,11316
Subang,10012,10206,10715,11012,10790,10854,11294,11537,11894,12144
Purwakarta,10732,10941,11372,11819,11614,11669,12193,12619,13099,13400
Karawang,10379,10703,11277,11856,11315,11522,11927,12392,12942,13251
Bekasi,10435,10790,11155,11610,11241,11341,11757,12123,12500,13004
Bandung Barat,7698,8002,8329,8684,8455,8546,9044,9392,9583,9862
Pangandaran,8312,8588,8968,9423,9084,9065,9389,9406,9654,9995
Kota Bogor,10662,10940,11348,11825,11564,11716,12058,12656,13154,13571
Kota Sukabumi,9819,10188,10609,11204,10999,10942,11229,11799,12252,12692
Kota Bandung,15805,16033,16630,17254,16887,16996,17639,18236,18795,19280
Kota Cirebon,10824,11100,11397,11930,11800,11810,12087,12506,12869,13341
Kota Bekasi,15236,15378,15755,16157,15776,15903,16239,16479,16775,17216
Kota Depok,14560,14727,15262,15696,15281,15420,15926,16279,16640,17279
Kota Cimahi,11141,11353,11921,12448,12025,12019,12500,12883,13278,13697
Kota Tasikmalaya,9145,9497,9855,10414,10263,10213,10578,11063,11431,11849
Kota Banjar,9815,9987,10329,10705,10535,10476,10967,11356,11811,12222
JAWA TENGAH,10153,10377,10777,11102,10930,11034,11377,11835,12276,12746
Cilacap,9677,9896,10274,10639,10440,10534,10904,11432,11868,12371
Banyumas,10554,10713,11240,11703,11448,11546,11905,12492,12960,13301
Purbalingga,9159,9340,9786,10131,9914,10032,10277,10964,11343,11949
Banjarnegara,8400,8630,9160,9547,9263,9407,9776,10226,10595,10992
Kebumen,8276,8446,8757,9066,8901,9028,9282,9734,10176,10658
Purworejo,9497,9601,10048,10342,10163,10275,10671,11110,11584,12085
Wonosobo,9877,9969,10503,10871,10621,10760,11108,11577,11980,12552
Magelang,8501,8627,9025,9387,9301,9440,10011,10493,10926,11343
Boyolali,12192,12262,12758,13079,12910,13031,13250,13716,14195,14594
Klaten,11227,11369,11738,12074,11921,12017,12522,12968,13513,13948
Sukoharjo,10452,10765,11100,11557,11325,11428,11841,12319,12758,13238
Wonogiri,8589,8765,9117,9426,9286,9429,9780,10283,10634,10938
Karanganyar,10722,10933,11223,11569,11428,11509,11798,12260,12732,13244
Sragen,11688,12041,12391,12720,12589,12679,13052,13439,13890,14461
Grobogan,9487,9716,10097,10350,10221,10294,10610,11083,11548,11991
Blora,8846,9065,9385,9795,9571,9669,10067,10541,10926,11240
Rembang,9453,9736,10191,10551,10328,10519,10937,11399,11830,12189
Pati,9548,9813,10190,10660,10390,10506,10948,11385,11829,12186
Kudus,10348,10639,10979,11318,11160,11272,11609,12088,12533,12842
Jepara,9695,9745,10169,10609,10343,10536,10913,11306,11729,12242
Demak,9377,9544,10001,10344,10128,10248,10698,11166,11591,12014
Semarang,11102,11389,11807,12116,11966,12070,12448,12943,13377,13923
Temanggung,8593,8794,9142,9489,9343,9408,9773,10108,10519,10995
Kendal,10631,10863,11257,11597,11425,11608,11999,12755,13277,13721
Batang,8568,8805,9203,9573,9431,9524,9972,10470,10919,11424
Pekalongan,9300,9702,10221,10508,10312,10409,10707,11297,11701,12185
Pemalang,7447,7785,8186,8546,8461,8573,8994,9587,10017,10521
Tegal,8709,9136,9433,9798,9612,9700,10020,10537,10972,11498
Brebes,9148,9554,9890,10238,10058,10152,10514,10993,11389,11853
Kota Magelang,11090,11525,11994,12514,12210,12349,12816,13175,13619,14023
Kota Surakarta,13900,13986,14528,15049,14761,14911,15463,15870,16291,16883
Kota Salatiga,14811,14921,15464,15944,15699,15843,16351,16650,17096,17523
Kota Semarang,13909,14334,14895,15550,15243,15425,16047,16420,16990,17402
Kota Pekalongan,11721,11800,12312,12680,12467,12598,13158,14056,14547,14988
Kota Tegal,11849,12283,12830,13250,12999,13143,13455,14013,14358,14801
D I YOGYAKARTA,13229,13521,13946,14394,14015,14111,14482,14924,15361,15855
Kulon Progo,8938,9277,9698,10275,10041,10069,10511,10723,10990,11499
Bantul,14880,14995,15386,15636,15517,15545,16002,16524,16851,17240
Gunung Kidul,8467,8788,9163,9612,9486,9505,9874,10065,10630,11006
Sleman,14921,15365,15844,16434,15926,16060,16438,16976,17586,18231
Kota Yogyakarta,17770,18005,18629,19125,18678,18801,19319,19920,20603,21104
JAWA TIMUR,10715,10973,11380,11739,11601,11707,11992,12421,12852,13509
Pacitan,8048,8288,8527,9033,8796,8887,9184,9681,10099,10756
Ponorogo,8908,9107,9426,9883,9670,9851,10199,10658,11065,11561
Trenggalek,8829,9034,9400,9865,9630,9743,10042,10465,10872,11322
Tulungagung,9881,10114,10455,10891,10705,10807,11162,11565,11966,12505
Blitar,9467,9828,10327,10861,10654,10757,11001,11499,12020,12633
Kediri,10140,10326,10853,11146,11000,11127,11565,11952,12388,12968
Malang,9018,9356,9844,10270,10028,10163,10326,10791,11190,11681
Lumajang,8311,8503,8931,9274,9088,9203,9466,9720,10124,10603
Jember,8409,8698,9090,9525,9294,9410,9840,10277,10700,11147
Banyuwangi,11171,11438,11828,12264,12140,12217,12320,12820,13320,13963
Bondowoso,10007,10086,10429,10665,10610,10690,10851,11255,11689,12192
Situbondo,9106,9178,9692,10097,9857,9996,10263,10702,11216,11713
Probolinggo,10170,10239,10700,10972,10859,10969,11254,11756,12258,12749
Pasuruan,9198,9556,9933,10381,10164,10297,10726,11239,11617,12117
Sidoarjo,13320,13710,14168,14609,14458,14578,14808,15311,15710,16366
Mojokerto,11798,12240,12454,12860,12779,12844,13051,13467,13903,14525
Jombang,10237,10560,10999,11533,11261,11394,11579,11999,12454,12976
Nganjuk,11451,11560,11768,12200,12130,12172,12349,12821,13376,14068
Madiun,10904,11012,11351,11650,11574,11658,11848,12259,12668,13325
Magetan,10988,11288,11539,11779,11776,11833,12031,12495,12915,13515
Ngawi,10810,10899,11187,11468,11418,11459,11563,11897,12414,12837
Bojonegoro,9420,9553,9926,10265,10121,10221,10323,10776,11204,11796
Tuban,9353,9540,10048,10499,10238,10380,10703,11174,11579,12117
Lamongan,10252,10664,11108,11572,11456,11510,11648,12019,12419,12963
Gresik,11961,12375,12845,13295,13246,13280,13384,13870,14356,14983
Bangkalan,8030,8192,8393,8718,8610,8673,8971,9438,9841,10265
Sampang,8096,8352,8569,8760,8739,8790,8944,9363,9782,10030
Pamekasan,7975,8311,8536,8834,8739,8804,8967,9420,9811,10206
Sumenep,7846,8316,8722,9082,8888,9000,9388,9807,10156,10631
Kota Kediri,11070,11550,11976,12440,12239,12359,12762,13276,13670,14284
Kota Blitar,12499,12910,13391,13851,13733,13816,14058,14548,14933,15586
Kota Malang,15732,15939,16158,16666,16593,16663,16897,17222,17791,18596
Kota Probolinggo,10792,11390,11796,12280,12180,12245,12571,12999,13405,14134
Kota Pasuruan,12295,12557,12931,13393,13281,13354,13803,14250,14664,15289
Kota Mojokerto,12449,12804,13155,13710,13499,13610,14054,14422,14842,15374
Kota Madiun,15300,15415,15616,16040,16018,16095,16503,17115,17518,18173
Kota Surabaya,16295,16726,17157,17854,17755,17862,18345,18977,19666,20679
Kota Batu,11772,12057,12466,12870,12824,12887,13094,13603,14253,14807
BANTEN,11469,11659,11994,12267,11964,12033,12216,12601,13097,13498
Pandeglang,8138,8358,8613,8719,8572,8635,8827,9151,9574,9923
Lebak,8308,8372,8634,8850,8690,8724,8854,9130,9631,10165
Tangerang,11863,11914,12179,12476,12203,12273,12427,12749,13254,13625
Serang,10317,10466,10693,10802,10665,10713,10916,11320,11767,12065
Kota Tangerang,13911,14104,14443,14860,14484,14575,14909,15377,15641,16058
Kota Cilegon,12326,12562,12900,13230,13010,13041,13185,13663,14294,14759
Kota Serang,12660,12914,13261,13418,13212,13281,13709,14088,14603,15250
Kota Tangerang Selatan,14972,15291,15672,15988,15667,15751,15997,16225,17028,17396
BALI,13279,13573,13886,14146,13929,13820,13942,14382,14920,15383
Jembrana,11343,11468,11666,11902,11790,11675,11915,12236,12638,13113
Tabanan,13800,13923,14245,14608,14494,14326,14475,14832,15297,15752
Badung,16567,17063,17325,17628,17503,17327,17445,17915,18556,19004
Gianyar,13766,14222,14376,14623,14544,14391,14630,15047,15577,16244
Klungkung,10852,11005,11318,11484,11376,11287,11500,11760,12358,13023
Bangli,10819,10956,11160,11369,11268,11201,11424,11670,12148,12447
Karangasem,9690,9833,10050,10302,10237,10175,10278,10753,11176,11676
Buleleng,12814,12995,13235,13780,13463,13362,13529,13987,14377,14827
Kota Denpasar,19084,19364,19698,19992,19723,19598,19850,20128,20763,21185
NUSA TENGGARA BARAT,9575,9877,10284,10640,10351,10377,10681,11095,11606,11922
Lombok Barat,10924,11048,11367,11647,11304,11334,11754,11960,12431,12544
Lombok Tengah,9079,9319,9796,10196,9952,9962,10470,10948,11531,11870
Lombok Timur,8449,8805,9268,9639,9409,9450,9631,10152,10571,10851
Sumbawa,8070,8584,9028,9336,9146,9167,9598,9981,10349,10716
Dompu,7819,8351,8743,9027,8889,8899,9203,9404,9971,10230
Bima,7585,8006,8354,8631,8468,8495,8699,8963,9418,9821
Sumbawa Barat,10528,11066,11496,11766,11536,11548,11987,12214,12841,12983
Lombok Utara,8155,8637,8888,9279,9006,9057,9433,9785,10272,10502
Kota Mataram,13733,14316,14797,15426,14968,14999,15416,15894,16514,16851
Kota Bima,9930,10458,10825,11334,11105,11135,11395,11740,12362,12623
NUSA TENGGARA TIMUR,7122,7350,7566,7769,7598,7554,7877,8248,8534,8735
Sumba Barat,6914,6997,7275,7586,7321,7307,7627,7993,8243,8530
Sumba Timur,9004,9093,9351,9640,9406,9354,9641,10008,10280,10619
Kupang,7217,7301,7472,7698,7526,7476,7776,8220,8508,8745
Timor Tengah Selatan,6360,6676,6855,6955,6861,6839,7118,7450,7755,7951
Timor Tengah Utara,5930,6164,6357,6479,6364,6324,6559,6889,7242,7364
Belu,7199,7251,7403,7677,7479,7431,7593,7907,8159,8354
Alor,6468,6553,6750,6958,6786,6751,7198,7565,7806,8022
Lembata,7010,7084,7253,7474,7305,7257,7622,7962,8238,8397
Flores Timur,7237,7442,7573,7770,7631,7578,7918,8223,8505,8700
Sikka,7740,7855,7958,8313,8081,8021,8362,8678,9019,9219
Ende,8801,8841,8995,9315,9094,9027,9413,9739,10009,10126
Ngada,8195,8649,8857,8961,8865,8819,8997,9350,9585,9827
Manggarai,7008,7056,7175,7276,7203,7133,7580,7903,8204,8423
Rote Ndao,6110,6320,6484,6720,6539,6503,6719,7061,7365,7652
Manggarai Barat,7149,7269,7426,7602,7468,7410,7636,7913,8195,8351
Sumba Tengah,5907,5946,6093,6198,6108,6061,6288,6484,6743,6965
Sumba Barat Daya,6079,6134,6298,6594,6372,6355,6779,7080,7358,7588
Nagekeo,8054,8119,8219,8469,8309,8254,8433,8706,8986,9213
Manggarai Timur,5396,5643,5809,5919,5818,5780,6145,6276,6561,6745
Sabu Raijua,4923,5120,5245,5354,5265,5256,5558,5899,6207,6452
Malaka,5658,5726,5894,5998,5901,5861,6250,6569,6879,7067
Kota Kupang,12986,13028,13199,13592,13337,13218,13513,13762,14001,14262
KALIMANTAN BARAT,8348,8472,8860,9055,8930,8974,9355,9810,10321,10689
Sambas,9311,9403,9774,9924,9858,9828,10462,11057,11538,11939
Bengkayang,8588,8640,9072,9182,9102,9193,9484,9859,10208,10462
Landak,6737,6931,7183,7403,7357,7431,7969,8423,8868,9104
Mempawah,7270,7358,7779,7913,7801,7758,8049,8690,9163,9518
Sanggau,7729,7828,8126,8410,8245,8328,8782,9213,9728,9990
Ketapang,8430,8475,8988,9259,9163,9209,9426,9984,10472,10826
Sintang,8302,8343,8624,8823,8728,8708,8858,9128,9657,9993
Kapuas Hulu,6691,6883,7074,7206,7162,7168,7668,8055,8470,8765
Sekadau,6820,7001,7326,7640,7434,7462,7566,7981,8511,8862
Melawi,7858,7922,8202,8465,8332,8415,8830,9155,9596,9799
Kayong Utara,7030,7434,7552,7905,7842,7920,8234,8594,9016,9306
Kubu Raya,8145,8430,8532,8773,8709,8630,9142,9605,10132,10500
Kota Pontianak,13838,13904,14322,14515,14465,14610,15141,15632,16212,16725
Kota Singkawang,11006,11122,11514,11789,11650,11767,12089,12457,12945,13344
KALIMANTAN TENGAH,10155,10492,10931,11236,11154,11182,11458,11878,12303,12612
Kotawaringin Barat,12101,12420,12788,13175,13109,13117,13352,13798,14095,14507
Kotawaringin Timur,10922,11249,11556,11905,11854,11866,12048,12546,13042,13434
Kapuas,10287,10421,10738,11063,11015,11148,11377,11829,12265,12602
Barito Selatan,10938,11031,11242,11582,11486,11492,11780,12067,12508,12736
Barito Utara,8774,9067,9357,10010,9936,9951,10182,10720,11150,11534
Sukamara,7792,8177,8482,8738,8674,8773,9225,9494,9809,10178
Lamandau,10049,10455,10996,11278,11190,11234,11559,12050,12278,12498
Seruyan,8331,8658,9110,9385,9370,9420,9821,10157,10474,10620
Katingan,9969,10029,10327,10639,10548,10568,11036,11399,11691,11781
Pulang Pisau,9017,9365,9807,10104,10047,10082,10273,10752,11207,11545
Gunung Mas,10155,10276,10504,10822,10793,10809,10990,11462,11902,12215
Barito Timur,10631,10808,11000,11333,11319,11322,11710,12083,12576,13018
Murung Raya,9742,9872,10164,10471,10419,10449,10697,11053,11503,11776
Kota Palangka Raya,12899,13435,13677,14091,14055,14070,14345,14727,15188,15469
KALIMANTAN SELATAN,11307,11600,12062,12253,12032,12143,12469,12953,13399,13757
Tanah Laut,10862,10925,11209,11318,11207,11310,11703,12198,12595,12986
Kotabaru,10777,11065,11579,11731,11530,11720,12191,12480,12929,13163
Banjar,12311,12366,12571,12681,12603,12707,12871,13301,13683,14101
Barito Kuala,9226,9535,9780,9952,9805,9868,10230,10750,11168,11469
Tapin,11237,11411,11847,12088,11841,11952,12247,12776,13163,13381
Hulu Sungai Selatan,11623,11890,12535,12835,12672,12736,13157,13743,14150,14453
Hulu Sungai Tengah,11527,11635,12138,12257,12153,12280,12448,12782,13176,13608
Hulu Sungai Utara,8668,9100,9567,9772,9527,9644,10132,10491,10981,11168
Tabalong,10620,10977,11227,11476,11283,11470,11914,12507,13097,13541
Tanah Bumbu,11006,11244,11710,12025,11718,11844,12217,12516,13026,13380
Balangan,10953,11186,11442,11557,11452,11500,11659,11888,12325,12675
Kota Banjarmasin,13417,13899,14256,14547,14306,14432,14770,15280,15714,16013
Kota Banjar Baru,12879,13279,13590,13949,13675,13789,14136,14524,14927,15361
KALIMANTAN TIMUR,11355,11612,11917,12359,11728,12116,12641,13202,13793,14254
Paser,10171,10280,10605,10767,10344,10673,11181,11651,12181,12709
Kutai Barat,9492,9532,9849,10338,9712,10062,10740,11291,11903,12251
Kutai Kartanegara,10593,10692,10959,11152,10720,11048,11677,12323,12957,13365
Kutai Timur,9960,10273,10614,11196,10485,10868,11322,11961,12490,12755
Berau,11675,11843,12207,12726,12018,12435,13095,13620,14101,14582
Penajam Paser Utara,11019,11126,11492,11750,11231,11651,11890,12517,13100,13636
Mahakam Ulu,7281,7364,7653,8008,7524,7802,8215,8696,9126,9381
Kota Balikpapan,13883,14254,14557,14791,14549,14862,15455,16195,16854,17482
Kota Samarinda,14010,14175,14466,14613,14135,14582,15162,15610,16160,16345
Kota Bontang,16157,16271,16698,16843,16278,16765,17327,17659,18394,18861
KALIMANTAN UTARA,8434,8643,8943,9343,8756,9075,9350,9734,10197,10568
Malinau,9529,9586,9853,10121,9611,9928,10304,10708,11190,11436
Bulungan,8933,9094,9310,9648,9121,9423,9641,10205,10581,10997
Tana Tidung,6919,7207,7511,7981,7381,7676,8012,8386,8707,9037
Nunukan,6333,6680,6956,7290,6804,7064,7446,7787,8265,8598
Kota Tarakan,10715,10841,11153,11509,10894,11261,11596,11992,12451,12961
SULAWESI UTARA,10148,10422,10731,11115,10791,10882,11179,11497,11998,12450
Bolaang Mongondow,9657,9761,10054,10470,10128,10220,10614,10915,11507,11756
Minahasa,11827,12026,12319,12720,12395,12481,12690,13027,13681,14035
Kepulauan Sangihe,10959,11111,11397,11663,11427,11524,11631,11946,12409,12839
Kepulauan Talaud,8184,8268,8525,8638,8505,8558,8869,9146,9512,9953
Minahasa Selatan,11133,11162,11410,11760,11481,11554,11717,12090,12529,12986
Minahasa Utara,10789,11075,11318,11712,11405,11481,11593,11958,12412,12846
Bolaang Mongondow Utara,8593,8739,8992,9366,9062,9143,9285,9652,10170,10434
Siau Tagulandang Biaro,7742,7812,8097,8252,8080,8145,8401,8742,9062,9335
Minahasa Tenggara,10002,10105,10354,10665,10408,10479,10753,11034,11511,11981
Bolaang Mongondow Selatan,8371,8452,8743,9229,8837,8939,9238,9593,10114,10519
Bolaang Mongondow Timur,8361,8568,8856,9483,8998,9115,9390,9741,10191,10600
Kota Manado,13253,13477,13814,14232,13886,13991,14399,14822,15301,15755
Kota Bitung,11718,11895,12168,12383,12193,12271,12665,12954,13539,13804
Kota Tomohon,10936,11323,11647,12152,11745,11851,12268,12488,13045,13503
Kota Kotamobagu,10084,10366,10663,11098,10744,10848,11151,11452,12074,12337
SULAWESI TENGAH,9034,9311,9488,9604,9335,9378,9696,10149,10536,10934
Banggai Kepulauan,7286,7440,7545,7619,7429,7453,7712,8066,8375,8723
Banggai,9144,9516,9712,9842,9554,9603,9963,10400,10772,11000
Morowali,10575,11012,11159,11277,10993,11028,11291,11708,12281,12527
Poso,8345,8781,8936,9084,8808,8850,9218,9622,9948,10314
Donggala,7802,7924,8106,8189,7960,8002,8303,8766,9117,9337
Toli-Toli,7493,7916,8017,8156,7917,7947,8191,8665,8918,9295
Buol,7740,7934,8079,8151,7942,7974,8176,8678,9051,9410
Parigi Moutong,9351,9488,9808,9878,9641,9675,10063,10471,10846,11194
Tojo Una-Una,7361,7465,7608,7765,7606,7621,8096,8550,8863,9200
Sigi,7714,8113,8236,8375,8126,8171,8498,8891,9254,9659
Banggai Laut,7529,7693,7810,7888,7663,7707,8037,8470,8776,9184
Morowali Utara,8594,8842,8985,9109,8853,8890,9242,9623,10032,10258
Kota Palu,14663,14871,15074,15205,14839,14894,15162,15501,15941,16269
SULAWESI SELATAN,10281,10489,10814,11118,11079,11184,11430,11841,12275,12773
Kepulauan Selayar,8123,8436,8666,9028,8970,9060,9446,9830,10235,10589
Bulukumba,10040,10217,10331,10480,10513,10632,10941,11392,11807,12456
Bantaeng,10596,10751,11153,11592,11632,11829,12133,12304,12719,13310
Jeneponto,8559,8747,8957,9078,9114,9215,9425,9781,10158,10691
Takalar,9759,9845,10134,10474,10454,10543,10746,11239,11679,12014
Gowa,8717,9009,9179,9369,9394,9504,9812,10233,10700,11103
Sinjai,8706,8816,9098,9465,9439,9505,9726,10180,10665,11111
Maros,9758,10121,10558,10981,10963,11032,11403,11795,12209,12709
Pangkajene dan Kepulauan,10670,10837,11197,11392,11405,11519,11817,12241,12643,13209
Barru,10155,10285,10622,10911,10923,11017,11275,11712,12058,12559
Bone,8275,8470,8686,8954,8963,9030,9277,9682,10084,10538
Soppeng,8965,9035,9291,9444,9483,9558,9756,10098,10547,10929
Wajo,11681,11770,12057,12399,12386,12505,12729,13192,13608,13957
Sidenreng Rappang,11368,11523,11834,12039,12073,12201,12379,12739,13209,13604
Pinrang,10899,11279,11508,11828,11844,11956,12102,12559,13010,13419
Enrekang,10188,10359,10683,10800,10844,10973,11183,11636,12138,12571
Luwu,9301,9381,9705,10085,10014,10116,10308,10691,11121,11634
Tana Toraja,6509,6801,7087,7253,7217,7434,7584,8017,8319,8595
Luwu Utara,10786,11101,11429,11583,11562,11736,12105,12513,12866,13390
Luwu Timur,11960,12030,12346,12802,12814,12886,13058,13451,13867,14381
Toraja Utara,7228,7457,7783,8083,8097,8134,8494,8871,9292,9753
Kota Makasar,16013,16367,16597,16989,16873,17097,17406,17889,18386,18878
Kota Parepare,12966,13078,13303,13648,13663,13786,14027,14495,14928,15408
Kota Palopo,12156,12319,12662,12986,12995,13117,13404,13892,14369,14837
SULAWESI TENGGARA,8871,9094,9262,9436,9331,9381,9708,10117,10606,10992
Buton,6950,7117,7209,7366,7307,7324,7594,7995,8401,8607
Muna,7928,8000,8098,8253,8203,8218,8328,8703,9107,9526
Konawe,9696,9857,10004,10200,10126,10151,10552,10963,11415,11763
Kolaka,12072,12243,12384,12525,12515,12525,12639,13055,13534,13941
Konawe Selatan,8660,8798,8914,9115,9037,9059,9347,9753,10250,10574
Bombana,7607,7908,8190,8344,8234,8310,8680,9132,9692,9957
Wakatobi,8651,8800,9136,9388,9204,9280,9758,10240,10739,11199
Kolaka Utara,9846,9941,10133,10258,10218,10244,10721,11020,11650,11941
Buton Utara,7168,7249,7393,7534,7470,7496,7935,8289,8746,9119
Konawe Utara,8822,8943,9050,9215,9165,9181,9666,10113,10658,11104
Kolaka Timur,7283,7499,7606,7832,7727,7753,8155,8520,9012,9420
Konawe Kepulauan,6227,6458,6601,6832,6700,6738,7192,7564,7996,8286
Muna Barat,7221,7288,7405,7526,7485,7502,7668,8076,8458,8858
Buton Tengah,6860,7012,7160,7264,7221,7244,7670,8003,8434,8825
Buton Selatan,6859,7075,7192,7293,7263,7279,7476,7936,8386,8684
Kota Kendari,13828,13995,14168,14392,14335,14356,14765,15116,15651,16002
Kota Baubau,10110,10223,10374,10523,10483,10503,10835,11207,11755,12260
GORONTALO,9175,9532,9839,10075,10020,10157,10687,11069,11539,11937
Boalemo,7895,8325,8654,8874,8789,8940,9543,9941,10401,10720
Gorontalo,8589,8828,9071,9361,9277,9412,9850,10336,10645,11110
Pohuwato,9381,9715,10076,10316,10255,10409,10913,11018,11618,11872
Bone Bolango,9115,9597,9827,10147,10052,10198,10676,11114,11717,11935
Gorontalo Utara,8270,8480,8780,8982,8921,9064,9636,10037,10476,10678
Kota Gorontalo,11360,11651,11908,12298,12278,12390,13077,13351,13860,14285
SULAWESI BARAT,8450,8736,9051,9235,9168,9153,9358,9718,10208,10516
Majene,9441,9559,9904,10029,10056,10028,10152,10462,10909,11299
Polewali Mandar,7559,7947,8355,8598,8580,8548,8726,9096,9536,9999
Mamasa,7231,7353,7597,7769,7747,7736,7837,8108,8415,8779
Mamuju,8689,9019,9308,9535,9500,9494,9668,10075,10440,10682
Mamuju Utara / Pasangkayu,10264,10577,10915,11094,11111,11072,11330,11649,12190,12644
Mamuju Tengah,7521,7931,8243,8501,8414,8408,8633,8821,9250,9484
MALUKU,8215,8433,8721,8887,8732,8770,8876,9278,9684,9900
Maluku Tenggara Barat / Kepulauan Tanimbar,5901,6032,6275,6396,6297,6335,6473,6722,7091,7342
Maluku Tenggara,7063,7302,7481,7625,7545,7580,7795,8174,8553,8738
Maluku Tengah,9672,9875,10106,10298,10210,10243,10406,10788,11183,11532
Buru,9806,10036,10203,10400,10316,10347,10414,10879,11261,11562
Kepulauan Aru,7080,7334,7518,7678,7586,7623,7733,8133,8488,8650
Seram Bagian Barat,8121,8333,8543,8704,8690,8720,8890,9324,9706,9854
Seram Bagian Timur,8848,9058,9268,9452,9453,9480,9591,10020,10049,10204
Maluku Barat Daya,6298,6508,6721,6888,6890,6918,7010,7223,7600,7776
Buru Selatan,7175,7337,7506,7627,7566,7600,7716,8108,8474,8664
Kota Ambon,13497,13699,13993,14233,14116,14148,14405,14692,15196,15549
Kota Tual,6803,7012,7323,7506,7351,7405,7519,7825,8238,8401
MALUKU UTARA,7545,7792,7980,8308,8032,8140,8398,8834,9320,9613
Halmahera Barat,7076,7266,7418,7660,7352,7467,7636,8046,8426,8705
Halmahera Tengah,7481,7688,7885,8258,7841,7966,8212,8675,9140,9361
Kepulauan Sula,6741,6859,7044,7221,6950,7040,7417,7718,8020,8251
Halmahera Selatan,6894,7026,7156,7298,7068,7142,7479,7883,8210,8515
Halmahera Utara,7110,7302,7519,7713,7414,7519,7774,8152,8607,8815
Halmahera Timur,7560,7841,7969,8127,7876,7973,8230,8650,8999,9227
Pulau Morotai,5888,6167,6294,6655,6290,6378,6767,7141,7523,7775
Pulau Taliabu,6208,6306,6455,6659,6390,6467,6623,6939,7226,7503
Kota Ternate,12643,12989,13166,13632,13091,13290,13586,14042,14731,14945
Kota Tidore Kepulauan,7772,8044,8232,8608,8188,8316,8586,9034,9269,9539
PAPUA BARAT,7175,7493,7816,8125,8086,7929,8101,8404,8805,9115
Fakfak,6935,7057,7357,7608,7599,7446,7678,7851,8159,8401
Kaimana,7538,7752,8071,8304,8325,8151,8453,8749,9242,9481
Teluk Wondama,7434,7694,7927,8198,8219,8034,8177,8490,8887,9192
Teluk Bintuni,9208,9463,9622,9821,9974,9708,9979,10324,10592,10799
Manokwari,11440,11595,11789,11994,12207,11977,12179,12566,13008,13364
Sorong Selatan,5644,5904,6062,6252,6286,6188,6342,6727,-,-
Sorong,6563,6975,7240,7507,7495,7350,7607,7984,-,-
Raja Ampat,7393,7508,7760,7958,8014,7882,8187,8483,-,-
Tambrauw,4561,4626,4859,5001,4998,4903,5084,5302,-,-
Maybrat,4692,4905,5168,5391,5336,5245,5425,5669,-,-
Manokwari Selatan,4702,5012,5225,5511,5505,5505,5691,5948,6139,6373
Pegunungan Arfak,4594,4683,4979,5102,5099,5009,5204,5438,5722,6043
Kota Sorong,12858,13141,13484,13815,13954,13744,13874,14133,-,-
PAPUA BARAT DAYA,-,-,-,-,-,-,-,-,8733,9076
Raja Ampat,-,-,-,-,-,-,-,-,8761,9109
Sorong,-,-,-,-,-,-,-,-,8283,8617
Sorong Selatan,-,-,-,-,-,-,-,-,6928,7227
Maybrat,-,-,-,-,-,-,-,-,5824,6074
Tambrauw,-,-,-,-,-,-,-,-,5489,5827
Kota Sorong,-,-,-,-,-,-,-,-,14368,14664
PAPUA,6637,6996,7159,7336,6954,6955,7146,7562,11037,11342
Merauke,10016,10277,10430,10498,10097,10201,10424,10747,-,-
Jayawijaya,7282,7524,7637,7835,7441,7545,7765,8159,-,-
Jayapura,9653,10055,10160,10375,9898,9989,10230,10671,10848,11088
Nabire,8779,8983,9143,9195,8840,8856,9040,9381,-,-
Kepulauan Yapen,7414,7605,7739,7785,7484,7491,7685,8091,8409,8752
Biak Numfor,9647,9812,9969,10211,9705,9607,9788,10229,10600,10823
Paniai,6191,6355,6535,6767,6361,6377,6554,6977,-,-
Puncak Jaya,5089,5341,5459,5523,5282,5289,5422,5731,-,-
Mimika,11169,11591,11700,12035,11431,11400,11647,12076,-,-
Boven Digoel,7770,8048,8211,8300,7947,7864,8086,8396,-,-
Mappi,5951,6143,6268,6513,6353,6327,6550,6821,-,-
Asmat,5601,5771,5882,6066,5733,5736,5860,6057,-,-
Yahukimo,4248,4554,4737,5030,4875,4895,5101,5351,-,-
Pegunungan Bintang,5289,5506,5578,5633,5409,5429,5618,5849,-,-
Tolikara,4711,4827,4946,5142,4826,4841,5079,5397,-,-
Sarmi,6417,6723,6814,6860,6600,6617,6864,7204,7499,7713
Keerom,8671,8824,8918,9136,8910,8926,9153,9545,9967,10109
Waropen,6270,6810,6978,7018,6732,6788,6919,7335,7569,7960
Supiori,5379,5655,5769,5820,5677,5708,5904,6259,6474,6786
Mamberamo Raya,4387,4596,4755,4807,4581,4603,4806,5105,5298,5568
Nduga,3725,3972,4131,4181,3975,3976,4190,4352,-,-
Lanny Jaya,4106,4356,4517,4569,4350,4393,4559,4751,-,-
Mamberamo Tengah,4219,4510,4609,4671,4462,4487,4630,4855,-,-
Yalimo,4435,4702,4799,4860,4647,4664,4802,5015,-,-
Puncak,5181,5413,5506,5702,5378,5412,5583,5975,-,-
Dogiyai,5190,5375,5522,5709,5373,5415,5705,6182,-,-
Intan Jaya,5038,5293,5440,5593,5283,5328,5624,6140,-,-
Deiyai,4383,4597,4761,4958,4632,4673,4808,5104,-,-
Kota Jayapura,14319,14781,14922,15176,14763,14937,15189,15272,15408,15522
PAPUA SELATAN,-,-,-,-,-,-,-,-,9756,9983
Merauke,-,-,-,-,-,-,-,-,11077,11260
Boven Digoel,-,-,-,-,-,-,-,-,8616,8796
Mappi,-,-,-,-,-,-,-,-,7068,7364
Asmat,-,-,-,-,-,-,-,-,6262,6495
PAPUA TENGAH,-,-,-,-,-,-,-,-,7809,8036
Mimika,-,-,-,-,-,-,-,-,12487,12745
Dogiyai,-,-,-,-,-,-,-,-,6755,6856
Deiyai,-,-,-,-,-,-,-,-,5509,5743
Nabire,-,-,-,-,-,-,-,-,9856,10093
Paniai,-,-,-,-,-,-,-,-,7470,7719
Intan Jaya,-,-,-,-,-,-,-,-,6463,6622
Puncak,-,-,-,-,-,-,-,-,6363,6496
Puncak Jaya,-,-,-,-,-,-,-,-,6091,6194
PAPUA PEGUNUNGAN,-,-,-,-,-,-,-,-,5707,5861
Nduga,-,-,-,-,-,-,-,-,4597,4773
Jayawijaya,-,-,-,-,-,-,-,-,8534,8750
Lanny Jaya,-,-,-,-,-,-,-,-,5026,5102
Tolikara,-,-,-,-,-,-,-,-,5653,5802
Mamberamo Tengah,-,-,-,-,-,-,-,-,4943,5119
Yalimo,-,-,-,-,-,-,-,-,5226,5305
Yahukimo,-,-,-,-,-,-,-,-,5747,5997
Pegunungan Bintang,-,-,-,-,-,-,-,-,6196,6300
INDONESIA,10420,10664,11059,11299,11013,11156,11479,11899,12341,12802